kod,vyucujici,role,obdobi,odpovedelo,zapsano,srozumitelnost,usporadanost,zajimavost,vztah_ke_studentum,kvalita_materialu,korektnost,obtiznost,znalosti_studentu,ucast,priprava,kazen,rec,literatura,celkove_predmet,celkove_vyucujici,otazka19
NAIL069,"prof. RNDr. Roman Barták, Ph.D.",přednáška,2007 / zimní,14,61,"1,07","1,07","1,43","1,36","1,14","1,38","2,42","1,62",,,,,,,,
NAIL069,"prof. RNDr. Roman Barták, Ph.D.",přednáška,2008 / zimní,7,65,"1,14","1,00","1,29","1,86","1,57","1,57","2,43","2,00",,,,,,,,
NAIL069,"prof. RNDr. Roman Barták, Ph.D.",přednáška,2010 / zimní,8,51,"1,25","1,13","1,25","1,38","1,00","1,00","2,25","1,63",,,,,,,,
NAIL069,"prof. RNDr. Roman Barták, Ph.D.",přednáška,2011 / zimní,14,71,"1,36","1,29","1,79","1,50","1,57","1,36","2,50","2,00",,,,,,,,
NAIL069,"prof. RNDr. Roman Barták, Ph.D.",přednáška,2012 / zimní,13,73,"1,15","1,00","1,23","1,15","1,08","1,30","2,30","1,67",,,,,,,,
NAIL069,"prof. RNDr. Roman Barták, Ph.D.",přednáška,2013 / zimní,24,78,"1,29","1,29","1,54","1,21","1,33",,"2,58","2,25",,,,,,,,
NAIL069,"prof. RNDr. Roman Barták, Ph.D.",přednáška,2014 / zimní,15,50,"1,40","1,13","1,33","1,07","1,27","1,33","2,20","1,73",,,,,"1,53",,,
NAIL069,"prof. RNDr. Roman Barták, Ph.D.",přednáška,2015 / zimní,19,57,,,,,,,,,,,,,,"1,47",,
NAIL069,"prof. RNDr. Roman Barták, Ph.D.",přednáška,2016 / zimní,19,56,,,,,,,,,,,,,,"1,16",,
NAIL069,"prof. RNDr. Roman Barták, Ph.D.",přednáška,2017 / zimní,19,74,,,,,,,,,,,,,,"1,32",,
NAIL069,"prof. RNDr. Roman Barták, Ph.D.",přednáška,2018 / zimní,17,89,,,,,,,,,,,,,,"1,29",,
NAIL069,"prof. RNDr. Roman Barták, Ph.D.",přednáška,2019 / zimní,14,84,,,,,,,,,,,,,,"1,36",,
NAIL069,"prof. RNDr. Roman Barták, Ph.D.",přednáška,2020 / zimní,16,64,,,,,,,,,,,,,,"1,19",,
NAIL069,"prof. RNDr. Roman Barták, Ph.D.",přednáška,2021 / zimní,13,91,,,,,,,,,,,,,,"1,23",,
NAIL069,"prof. RNDr. Roman Barták, Ph.D.",přednáška,2022 / zimní,10,67,,,,,,,,,,,,,,"1,80",,
NAIL069,"prof. RNDr. Roman Barták, Ph.D.",přednáška,2023 / zimní,9,81,,,,,,,,,,,,,,"1,11",,
NAIL069,"prof. RNDr. Roman Barták, Ph.D.",přednáška,2024 / zimní,17,132,,,,,,,,,,,,,,"1,29",,
NAIL069,"prof. RNDr. Roman Barták, Ph.D.",přednáška,2025 / zimní,15,124,,,,,,,,,,,,,,"1,60",,
NAIL069,"Adam Dingle, M.Sc.",cvičení,2018 / zimní,12,89,,,,,,,,,,,,,,"1,33",,
NAIL069,"Adam Dingle, M.Sc.",cvičení,2019 / zimní,11,84,,,,,,,,,,,,,,"1,00",,
NAIL069,"Adam Dingle, M.Sc.",cvičení,2020 / zimní,9,64,,,,,,,,,,,,,,"1,00",,
NAIL069,"RNDr. Jiří Fink, Ph.D.",cvičení,2021 / zimní,10,91,,,,,,,,,,,,,,"2,00",,
NAIL069,"Mgr. Jakub Gemrot, Ph.D.",cvičení,2015 / zimní,19,57,,,,,,,,,,,,,,"2,42",,
NAIL069,"Mgr. Jakub Gemrot, Ph.D.",cvičení,2016 / zimní,11,56,,,,,,,,,,,,,,"1,64",,
NAIL069,"Mgr. Jakub Gemrot, Ph.D.",cvičení,2017 / zimní,12,74,,,,,,,,,,,,,,"1,00",,
NAIL069,"RNDr. Jiří Švancara, Ph.D.",cvičení,2021 / zimní,10,91,,,,,,,,,,,,,,"2,00",,
NAIL069,"RNDr. Jiří Švancara, Ph.D.",cvičení,2022 / zimní,10,67,,,,,,,,,,,,,,"1,50",,
NAIL069,"RNDr. Jiří Švancara, Ph.D.",cvičení,2023 / zimní,10,81,,,,,,,,,,,,,,"1,00",,
NAIL069,"RNDr. Jiří Švancara, Ph.D.",cvičení,2024 / zimní,15,132,,,,,,,,,,,,,,"1,27",,
NAIL069,"RNDr. Jiří Švancara, Ph.D.",cvičení,2025 / zimní,16,124,,,,,,,,,,,,,,"1,50",,
NAIL069,"RNDr. Ing. Otakar Trunda, Ph.D.",cvičení,2016 / zimní,8,56,,,,,,,,,,,,,,"1,75",,
NAIL069,"RNDr. Ing. Otakar Trunda, Ph.D.",cvičení,2018 / zimní,5,89,,,,,,,,,,,,,,"1,60",,
NAIL069,"RNDr. Ing. Otakar Trunda, Ph.D.",cvičení,2019 / zimní,10,84,,,,,,,,,,,,,,"2,10",,
NAIL069,"RNDr. Ing. Otakar Trunda, Ph.D.",cvičení,2020 / zimní,10,64,,,,,,,,,,,,,,"1,80",,
NAIL069,"Mgr. Marta Vomlelová, Ph.D.",přednáška,2004 / zimní,15,61,"2,33","2,07","1,93","1,33","1,93","1,25","1,82","2,00",,,,,,,,
NAIL069,"Mgr. Marta Vomlelová, Ph.D.",cvičení,2015 / zimní,20,57,,,,,,,,,,,,,,,,
NAIL069,"Mgr. Marta Vomlelová, Ph.D.",cvičení,2016 / zimní,19,56,,,,,,,,,,,,,,,,
NAIL069,"Mgr. Marta Vomlelová, Ph.D.",cvičení,2017 / zimní,18,74,,,,,,,,,,,,,,,,
NAIL069,"Mgr. Marta Vomlelová, Ph.D.",cvičení,2018 / zimní,17,89,,,,,,,,,,,,,,,,
NAIL069,"Mgr. Marta Vomlelová, Ph.D.",cvičení,2019 / zimní,21,84,,,,,,,,,,,,,,,,
NAIL069,"Mgr. Marta Vomlelová, Ph.D.",přednáška,2015 / zimní,21,57,,,,,,,,,,,,,,,,
NAIL069,"Mgr. Marta Vomlelová, Ph.D.",přednáška,2016 / zimní,19,56,,,,,,,,,,,,,,,,
NAIL069,"Mgr. Marta Vomlelová, Ph.D.",přednáška,2017 / zimní,19,74,,,,,,,,,,,,,,,,
NAIL069,"Mgr. Marta Vomlelová, Ph.D.",přednáška,2018 / zimní,17,89,,,,,,,,,,,,,,,,
NAIL069,"Mgr. Marta Vomlelová, Ph.D.",přednáška,2019 / zimní,15,84,,,,,,,,,,,,,,,,
NAIL069,"Mgr. Marta Vomlelová, Ph.D.",cvičení,2020 / zimní,19,64,,,,,,,,,,,,,,,,
NAIL069,"Mgr. Marta Vomlelová, Ph.D.",cvičení,2021 / zimní,12,91,,,,,,,,,,,,,,,,
NAIL069,"Mgr. Marta Vomlelová, Ph.D.",cvičení,2022 / zimní,11,67,,,,,,,,,,,,,,,,
NAIL069,"Mgr. Marta Vomlelová, Ph.D.",cvičení,2023 / zimní,10,81,,,,,,,,,,,,,,,,
NAIL069,"Mgr. Marta Vomlelová, Ph.D.",cvičení,2024 / zimní,15,132,,,,,,,,,,,,,,,,
NAIL069,"Mgr. Marta Vomlelová, Ph.D.",cvičení,2025 / zimní,18,124,,,,,,,,,,,,,,,,
NAIL069,"Mgr. Marta Vomlelová, Ph.D.",přednáška,2020 / zimní,16,64,,,,,,,,,,,,,,,,
NAIL069,"Mgr. Marta Vomlelová, Ph.D.",přednáška,2021 / zimní,13,91,,,,,,,,,,,,,,,,
NAIL069,"Mgr. Marta Vomlelová, Ph.D.",přednáška,2022 / zimní,11,67,,,,,,,,,,,,,,,,
NAIL069,"Mgr. Marta Vomlelová, Ph.D.",přednáška,2023 / zimní,10,81,,,,,,,,,,,,,,,,
NAIL069,"Mgr. Marta Vomlelová, Ph.D.",přednáška,2024 / zimní,17,132,,,,,,,,,,,,,,,,
NAIL069,"Mgr. Marta Vomlelová, Ph.D.",přednáška,2025 / zimní,18,124,,,,,,,,,,,,,,,,
NTIN066,"doc. Andreas Emil Feldmann, Dr.",přednáška,2016 / zimní,10,81,,,,,,,,,,,,,,"3,50",,
NTIN066,"RNDr. Jiří Fink, Ph.D.",přednáška,2016 / zimní,15,81,,,,,,,,,,,,,,"2,47",,
NTIN066,"RNDr. Jiří Fink, Ph.D.",přednáška,2017 / zimní,16,133,,,,,,,,,,,,,,"4,38",,
NTIN066,"RNDr. Jiří Fink, Ph.D.",přednáška,2018 / zimní,19,80,,,,,,,,,,,,,,"2,89",,
NTIN066,"RNDr. Jiří Fink, Ph.D.",cvičení,2023 / zimní,6,104,,,,,,,,,,,,,,"2,17",,
NTIN066,"RNDr. Jiří Fink, Ph.D.",cvičení,2024 / zimní,7,151,,,,,,,,,,,,,,"1,71",,
NTIN066,"RNDr. Jiří Fink, Ph.D.",přednáška,2022 / zimní,8,66,,,,,,,,,,,,,,"2,13",,
NTIN066,"RNDr. Jiří Fink, Ph.D.",přednáška,2024 / zimní,16,151,,,,,,,,,,,,,,"2,69",,
NTIN066,"doc. Mgr. Petr Gregor, Ph.D.",přednáška,2019 / letní,7,17,,,,,,,,,,,,,,"1,43",,
NTIN066,"doc. Mgr. Petr Gregor, Ph.D.",přednáška,2020 / zimní,19,73,,,,,,,,,,,,,,"1,37",,
NTIN066,"doc. Mgr. Petr Gregor, Ph.D.",přednáška,2021 / letní,5,35,,,,,,,,,,,,,,"1,60",,
NTIN066,"doc. Mgr. Petr Gregor, Ph.D.",přednáška,2023 / letní,6,27,,,,,,,,,,,,,,"2,33",,
NTIN066,"RNDr. Radek Hušek, Ph.D.",cvičení,2018 / letní,5,28,,,,,,,,,,,,,,"1,40",,
NTIN066,"RNDr. Radek Hušek, Ph.D.",cvičení,2020 / zimní,7,73,,,,,,,,,,,,,,"1,71",,
NTIN066,"RNDr. Radek Hušek, Ph.D.",cvičení,2022 / zimní,5,66,,,,,,,,,,,,,,"1,00",,
NTIN066,"RNDr. Radek Hušek, Ph.D.",cvičení,2023 / zimní,5,104,,,,,,,,,,,,,,"1,20",,
NTIN066,"RNDr. Radek Hušek, Ph.D.",cvičení,2024 / zimní,10,151,,,,,,,,,,,,,,"1,00",,
NTIN066,"prof. RNDr. Václav Koubek, DrSc.",přednáška,2003 / zimní,19,162,"3,11","2,47","2,47","3,47","3,00","2,42","2,26","3,21","3,63","3,63","2,26","2,63",,,,
NTIN066,"prof. RNDr. Václav Koubek, DrSc.",přednáška,2004 / zimní,32,159,"3,38","2,38","3,16","2,00","2,94","1,56","2,73","2,20",,,,,,,,
NTIN066,"prof. RNDr. Václav Koubek, DrSc.",přednáška,2006 / zimní,19,188,"3,11","2,16","3,79","2,11","3,11","2,11","3,79","2,47",,,,,,,,
NTIN066,"prof. RNDr. Václav Koubek, DrSc.",přednáška,2007 / zimní,30,202,"3,50","2,23","3,87","1,97","3,20","2,32","4,25","2,89",,,,,,,,
NTIN066,"prof. RNDr. Václav Koubek, DrSc.",přednáška,2008 / zimní,24,214,"3,46","2,38","3,75","2,04","3,04","1,96","3,88","2,36",,,,,,,,
NTIN066,"prof. Mgr. Michal Koucký, Ph.D.",přednáška,2014 / zimní,58,134,"1,71","1,67","1,95","1,39","1,88","1,00","2,79","2,24",,,,,"2,82",,,
NTIN066,"prof. Mgr. Michal Koucký, Ph.D.",přednáška,2015 / zimní,36,84,,,,,,,,,,,,,,"1,44",,
NTIN066,"prof. Mgr. Michal Koucký, Ph.D.",cvičení,2021 / zimní,6,108,,,,,,,,,,,,,,"1,50",,
NTIN066,"prof. Mgr. Michal Koucký, Ph.D.",přednáška,2021 / zimní,16,108,,,,,,,,,,,,,,"1,56",,
NTIN066,"prof. Mgr. Michal Koucký, Ph.D.",přednáška,2024 / letní,5,30,,,,,,,,,,,,,,"1,40",,
NTIN066,"RNDr. David Mareček, Ph.D.",cvičení,2023 / letní,6,27,,,,,,,,,,,,,,"2,17",,
NTIN066,"Mgr. Martin Mareš, Ph.D.",cvičení,2018 / letní,6,28,,,,,,,,,,,,,,"1,00",,
NTIN066,"Mgr. Martin Mareš, Ph.D.",přednáška,2017 / zimní,25,133,,,,,,,,,,,,,,"1,20",,
NTIN066,"Mgr. Martin Mareš, Ph.D.",přednáška,2018 / letní,7,28,,,,,,,,,,,,,,"1,14",,
NTIN066,"Mgr. Martin Mareš, Ph.D.",přednáška,2019 / zimní,24,103,,,,,,,,,,,,,,"1,08",,
NTIN066,"Mgr. Martin Mareš, Ph.D.",přednáška,2023 / zimní,16,104,,,,,,,,,,,,,,"1,00",,
NTIN066,"RNDr. Ondřej Mička, Ph.D.",cvičení,2019 / letní,5,17,,,,,,,,,,,,,,"2,00",,
NTIN066,"RNDr. Ondřej Mička, Ph.D.",cvičení,2019 / zimní,5,103,,,,,,,,,,,,,,"1,00",,
NTIN066,"RNDr. Ondřej Mička, Ph.D.",cvičení,2020 / zimní,7,73,,,,,,,,,,,,,,"1,29",,
NTIN066,"Mgr. Pavel Veselý, Ph.D.",cvičení,2023 / zimní,7,104,,,,,,,,,,,,,,"1,57",,
NTIN066,"Mgr. Pavel Veselý, Ph.D.",cvičení,2025 / zimní,6,177,,,,,,,,,,,,,,"1,50",,
NTIN066,"Mgr. Pavel Veselý, Ph.D.",přednáška,2025 / zimní,24,177,,,,,,,,,,,,,,"1,50",,
NTIN066,"Mgr. Pavel Veselý, Ph.D.",cvičení,2021 / zimní,5,108,,,,,,,,,,,,,,"1,00",,
NTIN066,"Mgr. Pavel Veselý, Ph.D.",cvičení,2017 / zimní,24,133,,,,,,,,,,,,,,,,
NTIN066,"Mgr. Pavel Veselý, Ph.D.",cvičení,2018 / zimní,21,80,,,,,,,,,,,,,,,,
NTIN066,"Mgr. Pavel Veselý, Ph.D.",cvičení,2018 / letní,7,28,,,,,,,,,,,,,,,,
NTIN066,"Mgr. Pavel Veselý, Ph.D.",cvičení,2019 / zimní,21,103,,,,,,,,,,,,,,,,
NTIN066,"Mgr. Pavel Veselý, Ph.D.",cvičení,2019 / letní,7,17,,,,,,,,,,,,,,,,
NTIN066,"Mgr. Pavel Veselý, Ph.D.",přednáška,2015 / zimní,42,84,,,,,,,,,,,,,,,,
NTIN066,"Mgr. Pavel Veselý, Ph.D.",přednáška,2016 / zimní,25,81,,,,,,,,,,,,,,,,
NTIN066,"Mgr. Pavel Veselý, Ph.D.",přednáška,2017 / zimní,41,133,,,,,,,,,,,,,,,,
NTIN066,"Mgr. Pavel Veselý, Ph.D.",přednáška,2018 / zimní,21,80,,,,,,,,,,,,,,,,
NTIN066,"Mgr. Pavel Veselý, Ph.D.",přednáška,2018 / letní,7,28,,,,,,,,,,,,,,,,
NTIN066,"Mgr. Pavel Veselý, Ph.D.",přednáška,2019 / zimní,24,103,,,,,,,,,,,,,,,,
NTIN066,"Mgr. Pavel Veselý, Ph.D.",přednáška,2019 / letní,7,17,,,,,,,,,,,,,,,,
NTIN066,"Mgr. Pavel Veselý, Ph.D.",cvičení,2020 / zimní,18,73,,,,,,,,,,,,,,,,
NTIN066,"Mgr. Pavel Veselý, Ph.D.",cvičení,2021 / zimní,17,108,,,,,,,,,,,,,,,,
NTIN066,"Mgr. Pavel Veselý, Ph.D.",cvičení,2022 / zimní,10,66,,,,,,,,,,,,,,,,
NTIN066,"Mgr. Pavel Veselý, Ph.D.",cvičení,2023 / zimní,15,104,,,,,,,,,,,,,,,,
NTIN066,"Mgr. Pavel Veselý, Ph.D.",cvičení,2023 / letní,6,27,,,,,,,,,,,,,,,,
NTIN066,"Mgr. Pavel Veselý, Ph.D.",cvičení,2024 / zimní,18,151,,,,,,,,,,,,,,,,
NTIN066,"Mgr. Pavel Veselý, Ph.D.",cvičení,2025 / zimní,20,177,,,,,,,,,,,,,,,,
NTIN066,"Mgr. Pavel Veselý, Ph.D.",přednáška,2020 / zimní,19,73,,,,,,,,,,,,,,,,
NTIN066,"Mgr. Pavel Veselý, Ph.D.",přednáška,2021 / zimní,16,108,,,,,,,,,,,,,,,,
NTIN066,"Mgr. Pavel Veselý, Ph.D.",přednáška,2021 / letní,5,35,,,,,,,,,,,,,,,,
NTIN066,"Mgr. Pavel Veselý, Ph.D.",přednáška,2022 / zimní,8,66,,,,,,,,,,,,,,,,
NTIN066,"Mgr. Pavel Veselý, Ph.D.",přednáška,2023 / zimní,16,104,,,,,,,,,,,,,,,,
NTIN066,"Mgr. Pavel Veselý, Ph.D.",přednáška,2023 / letní,6,27,,,,,,,,,,,,,,,,
NTIN066,"Mgr. Pavel Veselý, Ph.D.",přednáška,2024 / zimní,17,151,,,,,,,,,,,,,,,,
NTIN066,"Mgr. Pavel Veselý, Ph.D.",přednáška,2024 / letní,5,30,,,,,,,,,,,,,,,,
NTIN066,"Mgr. Pavel Veselý, Ph.D.",přednáška,2025 / zimní,24,177,,,,,,,,,,,,,,,,
NTIN090,"RNDr. Jakub Bulín, Ph.D.",cvičení,2020 / zimní,6,96,,,,,,,,,,,,,,"1,50",,
NTIN090,"RNDr. Jakub Bulín, Ph.D.",cvičení,2021 / zimní,5,155,,,,,,,,,,,,,,"2,80",,
NTIN090,"RNDr. Jiří Fink, Ph.D.",cvičení,2017 / zimní,13,118,,,,,,,,,,,,,,"4,23",,
NTIN090,"RNDr. Jiří Fink, Ph.D.",přednáška,2017 / zimní,14,118,,,,,,,,,,,,,,"4,00",,
NTIN090,"doc. Mgr. Petr Gregor, Ph.D.",cvičení,2013 / zimní,12,82,"1,75","1,83","2,17","1,75","1,83",,"3,92","3,08",,,,,,,,
NTIN090,"doc. Mgr. Petr Gregor, Ph.D.",cvičení,2019 / zimní,10,125,,,,,,,,,,,,,,"1,50",,
NTIN090,"RNDr. Petr Kučera, Ph.D.",cvičení,2013 / zimní,23,82,"1,91","1,57","2,43","1,52","1,91",,"3,87","2,52",,,,,,,,
NTIN090,"RNDr. Petr Kučera, Ph.D.",cvičení,2014 / zimní,23,76,"2,14","1,82","2,83","2,00","2,32",,"3,45","2,81",,,,,"1,76",,,
NTIN090,"RNDr. Petr Kučera, Ph.D.",cvičení,2015 / zimní,30,103,,,,,,,,,,,,,,"2,43",,
NTIN090,"RNDr. Petr Kučera, Ph.D.",cvičení,2016 / zimní,18,104,,,,,,,,,,,,,,"2,22",,
NTIN090,"RNDr. Petr Kučera, Ph.D.",cvičení,2018 / zimní,13,127,,,,,,,,,,,,,,"1,46",,
NTIN090,"RNDr. Petr Kučera, Ph.D.",cvičení,2019 / zimní,14,125,,,,,,,,,,,,,,"1,93",,
NTIN090,"RNDr. Petr Kučera, Ph.D.",cvičení,2020 / zimní,10,96,,,,,,,,,,,,,,"1,50",,
NTIN090,"RNDr. Petr Kučera, Ph.D.",cvičení,2021 / zimní,13,155,,,,,,,,,,,,,,"1,38",,
NTIN090,"RNDr. Petr Kučera, Ph.D.",cvičení,2023 / zimní,17,121,,,,,,,,,,,,,,"1,53",,
NTIN090,"RNDr. Petr Kučera, Ph.D.",cvičení,2024 / zimní,11,184,,,,,,,,,,,,,,"1,18",,
NTIN090,"RNDr. Petr Kučera, Ph.D.",cvičení,2025 / zimní,17,201,,,,,,,,,,,,,,"1,59",,
NTIN090,"RNDr. Petr Kučera, Ph.D.",přednáška,2013 / zimní,17,82,"1,65","1,47","2,59","1,65","1,76",,"3,88","2,76",,,,,,,,
NTIN090,"RNDr. Petr Kučera, Ph.D.",přednáška,2014 / zimní,19,76,"2,05","1,79","2,37","1,83","1,84",,"3,19","2,53",,,,,"1,74",,,
NTIN090,"RNDr. Petr Kučera, Ph.D.",přednáška,2015 / zimní,41,103,,,,,,,,,,,,,,"2,12",,
NTIN090,"RNDr. Petr Kučera, Ph.D.",přednáška,2016 / zimní,23,104,,,,,,,,,,,,,,"2,04",,
NTIN090,"RNDr. Petr Kučera, Ph.D.",přednáška,2017 / zimní,19,118,,,,,,,,,,,,,,"2,05",,
NTIN090,"RNDr. Petr Kučera, Ph.D.",přednáška,2018 / zimní,28,127,,,,,,,,,,,,,,"2,00",,
NTIN090,"RNDr. Petr Kučera, Ph.D.",přednáška,2019 / zimní,30,125,,,,,,,,,,,,,,"2,07",,
NTIN090,"RNDr. Petr Kučera, Ph.D.",přednáška,2020 / zimní,21,96,,,,,,,,,,,,,,"1,62",,
NTIN090,"RNDr. Petr Kučera, Ph.D.",přednáška,2021 / zimní,18,155,,,,,,,,,,,,,,"1,72",,
NTIN090,"RNDr. Petr Kučera, Ph.D.",přednáška,2023 / zimní,26,121,,,,,,,,,,,,,,"1,62",,
NTIN090,"RNDr. Petr Kučera, Ph.D.",přednáška,2024 / zimní,21,184,,,,,,,,,,,,,,"1,24",,
NTIN090,"RNDr. Petr Kučera, Ph.D.",přednáška,2025 / zimní,23,201,,,,,,,,,,,,,,"1,74",,
NTIN090,"Mgr. Vladan Majerech, Dr.",cvičení,2015 / zimní,10,103,,,,,,,,,,,,,,"2,50",,
NTIN090,"Mgr. Vladan Majerech, Dr.",cvičení,2023 / zimní,7,121,,,,,,,,,,,,,,"2,29",,
NTIN090,"Mgr. Vladan Majerech, Dr.",cvičení,2024 / zimní,8,184,,,,,,,,,,,,,,"2,63",,
NTIN090,"Mgr. Vladan Majerech, Dr.",cvičení,2015 / zimní,42,103,,,,,,,,,,,,,,,,
NTIN090,"Mgr. Vladan Majerech, Dr.",cvičení,2016 / zimní,24,104,,,,,,,,,,,,,,,,
NTIN090,"Mgr. Vladan Majerech, Dr.",cvičení,2017 / zimní,35,118,,,,,,,,,,,,,,,,
NTIN090,"Mgr. Vladan Majerech, Dr.",cvičení,2018 / zimní,27,127,,,,,,,,,,,,,,,,
NTIN090,"Mgr. Vladan Majerech, Dr.",cvičení,2019 / zimní,30,125,,,,,,,,,,,,,,,,
NTIN090,"Mgr. Vladan Majerech, Dr.",cvičení,2020 / zimní,20,96,,,,,,,,,,,,,,,,
NTIN090,"Mgr. Vladan Majerech, Dr.",cvičení,2021 / zimní,21,155,,,,,,,,,,,,,,,,
NTIN090,"Mgr. Vladan Majerech, Dr.",cvičení,2023 / zimní,25,121,,,,,,,,,,,,,,,,
NTIN090,"Mgr. Vladan Majerech, Dr.",cvičení,2024 / zimní,19,184,,,,,,,,,,,,,,,,
NTIN090,"Mgr. Vladan Majerech, Dr.",cvičení,2025 / zimní,21,201,,,,,,,,,,,,,,,,
NTIN090,"Mgr. Vladan Majerech, Dr.",přednáška,2015 / zimní,44,103,,,,,,,,,,,,,,,,
NTIN090,"Mgr. Vladan Majerech, Dr.",přednáška,2016 / zimní,26,104,,,,,,,,,,,,,,,,
NTIN090,"Mgr. Vladan Majerech, Dr.",přednáška,2017 / zimní,34,118,,,,,,,,,,,,,,,,
NTIN090,"Mgr. Vladan Majerech, Dr.",přednáška,2018 / zimní,28,127,,,,,,,,,,,,,,,,
NTIN090,"Mgr. Vladan Majerech, Dr.",přednáška,2019 / zimní,32,125,,,,,,,,,,,,,,,,
NTIN090,"Mgr. Vladan Majerech, Dr.",přednáška,2020 / zimní,21,96,,,,,,,,,,,,,,,,
NTIN090,"Mgr. Vladan Majerech, Dr.",přednáška,2021 / zimní,18,155,,,,,,,,,,,,,,,,
NTIN090,"Mgr. Vladan Majerech, Dr.",přednáška,2023 / zimní,27,121,,,,,,,,,,,,,,,,
NTIN090,"Mgr. Vladan Majerech, Dr.",přednáška,2024 / zimní,21,184,,,,,,,,,,,,,,,,
NTIN090,"Mgr. Vladan Majerech, Dr.",přednáška,2025 / zimní,23,201,,,,,,,,,,,,,,,,
NAIL070,"prof. RNDr. Roman Barták, Ph.D.",přednáška,2010 / letní,7,43,"1,86","1,57","1,43","1,57","1,43","1,00","3,20","1,80",,,,,,,,
NAIL070,"prof. RNDr. Roman Barták, Ph.D.",přednáška,2011 / letní,13,43,"1,62","1,31","1,69","1,38","1,46","1,15","2,92","2,25",,,,,,,,
NAIL070,"prof. RNDr. Roman Barták, Ph.D.",přednáška,2013 / letní,25,61,"1,28","1,29","1,28","1,24","1,29",,"2,96","2,25",,,,,"1,48",,,
NAIL070,"prof. RNDr. Roman Barták, Ph.D.",přednáška,2014 / letní,16,47,"1,38","1,19","1,25","1,06","1,27",,"3,06","2,44",,,,,"2,00",,,
NAIL070,"prof. RNDr. Roman Barták, Ph.D.",přednáška,2015 / letní,8,36,,,,,,,,,,,,,,"1,25",,
NAIL070,"prof. RNDr. Roman Barták, Ph.D.",přednáška,2016 / letní,7,42,,,,,,,,,,,,,,"1,00",,
NAIL070,"prof. RNDr. Roman Barták, Ph.D.",přednáška,2017 / letní,13,58,,,,,,,,,,,,,,"1,15",,
NAIL070,"prof. RNDr. Roman Barták, Ph.D.",přednáška,2018 / letní,7,66,,,,,,,,,,,,,,"1,29",,
NAIL070,"prof. RNDr. Roman Barták, Ph.D.",přednáška,2019 / letní,12,64,,,,,,,,,,,,,,"1,58",,
NAIL070,"prof. RNDr. Roman Barták, Ph.D.",přednáška,2020 / letní,5,47,,,,,,,,,,,,,,"1,60",,
NAIL070,"prof. RNDr. Roman Barták, Ph.D.",přednáška,2024 / letní,10,95,,,,,,,,,,,,,,"1,10",,
NAIL070,"Mgr. Marta Vomlelová, Ph.D.",přednáška,2004 / letní,7,37,"2,00","1,86","1,86","1,29","1,86","1,40","2,80","2,00",,,,,,,,
NAIL070,"Mgr. Marta Vomlelová, Ph.D.",přednáška,2015 / letní,8,36,,,,,,,,,,,,,,,,
NAIL070,"Mgr. Marta Vomlelová, Ph.D.",přednáška,2016 / letní,7,42,,,,,,,,,,,,,,,,
NAIL070,"Mgr. Marta Vomlelová, Ph.D.",přednáška,2017 / letní,14,58,,,,,,,,,,,,,,,,
NAIL070,"Mgr. Marta Vomlelová, Ph.D.",přednáška,2018 / letní,9,66,,,,,,,,,,,,,,,,
NAIL070,"Mgr. Marta Vomlelová, Ph.D.",přednáška,2019 / letní,13,64,,,,,,,,,,,,,,,,
NAIL070,"Mgr. Marta Vomlelová, Ph.D.",přednáška,2020 / letní,5,47,,,,,,,,,,,,,,,,
NAIL070,"Mgr. Marta Vomlelová, Ph.D.",přednáška,2024 / letní,10,95,,,,,,,,,,,,,,,,
NAIL002,"RNDr. František Mráz, CSc.",cvičení,2006 / zimní,5,38,"1,40","1,40","1,40","1,20","1,40","1,40","2,75","2,00",,,,,,,,
NAIL002,"RNDr. František Mráz, CSc.",cvičení,2007 / zimní,7,43,"2,14","1,71","2,14","1,57","1,86","1,20","2,20","2,60",,,,,,,,
NAIL002,"RNDr. František Mráz, CSc.",cvičení,2008 / zimní,9,48,"1,56","1,89","2,11","1,56","1,67","1,67","2,25","2,00",,,,,,,,
NAIL002,"RNDr. František Mráz, CSc.",cvičení,2011 / zimní,7,51,"2,14","2,00","2,57","2,14","2,43","1,71","2,29","2,50",,,,,,,,
NAIL002,"RNDr. František Mráz, CSc.",cvičení,2013 / zimní,20,35,"1,80","1,74","2,00","1,37","2,05",,"3,05","2,58",,,,,,,,
NAIL002,"RNDr. František Mráz, CSc.",cvičení,2014 / zimní,15,30,"1,87","1,60","1,87","1,40","1,87","1,50","3,00","2,47",,,,,"1,73",,,
NAIL002,"RNDr. František Mráz, CSc.",cvičení,2015 / zimní,16,44,,,,,,,,,,,,,,"1,56",,
NAIL002,"RNDr. František Mráz, CSc.",cvičení,2016 / zimní,13,39,,,,,,,,,,,,,,"2,15",,
NAIL002,"RNDr. František Mráz, CSc.",cvičení,2017 / zimní,12,47,,,,,,,,,,,,,,"2,08",,
NAIL002,"RNDr. František Mráz, CSc.",cvičení,2018 / zimní,9,49,,,,,,,,,,,,,,"1,56",,
NAIL002,"RNDr. František Mráz, CSc.",cvičení,2020 / zimní,9,25,,,,,,,,,,,,,,"1,78",,
NAIL002,"RNDr. František Mráz, CSc.",cvičení,2021 / zimní,5,41,,,,,,,,,,,,,,"1,60",,
NAIL002,"RNDr. František Mráz, CSc.",cvičení,2023 / zimní,6,38,,,,,,,,,,,,,,"1,83",,
NAIL002,"RNDr. František Mráz, CSc.",cvičení,2024 / zimní,6,50,,,,,,,,,,,,,,"1,17",,
NAIL002,"RNDr. František Mráz, CSc.",přednáška,2015 / zimní,14,44,,,,,,,,,,,,,,"1,50",,
NAIL002,"RNDr. František Mráz, CSc.",přednáška,2016 / zimní,8,39,,,,,,,,,,,,,,"1,88",,
NAIL002,"RNDr. František Mráz, CSc.",přednáška,2017 / zimní,8,47,,,,,,,,,,,,,,"2,13",,
NAIL002,"RNDr. František Mráz, CSc.",přednáška,2018 / zimní,9,49,,,,,,,,,,,,,,"1,78",,
NAIL002,"RNDr. František Mráz, CSc.",přednáška,2021 / zimní,5,41,,,,,,,,,,,,,,"2,00",,
NAIL002,"RNDr. František Mráz, CSc.",přednáška,2023 / zimní,5,38,,,,,,,,,,,,,,"2,00",,
NAIL002,"RNDr. František Mráz, CSc.",přednáška,2024 / zimní,5,50,,,,,,,,,,,,,,"1,00",,
NAIL002,"doc. RNDr. Iveta Mrázová, CSc.",cvičení,2015 / zimní,9,44,,,,,,,,,,,,,,"2,33",,
NAIL002,"doc. RNDr. Iveta Mrázová, CSc.",cvičení,2017 / zimní,8,47,,,,,,,,,,,,,,"2,63",,
NAIL002,"doc. RNDr. Iveta Mrázová, CSc.",cvičení,2023 / zimní,5,38,,,,,,,,,,,,,,"2,40",,
NAIL002,"doc. RNDr. Iveta Mrázová, CSc.",přednáška,2003 / zimní,10,30,"2,50","2,20","2,00","2,50","2,30","1,80","2,40","2,30","2,40","1,90","2,60","1,90",,,,
NAIL002,"doc. RNDr. Iveta Mrázová, CSc.",přednáška,2007 / zimní,7,43,"2,43","2,14","2,86","1,86","2,57","2,00","2,33","2,50",,,,,,,,
NAIL002,"doc. RNDr. Iveta Mrázová, CSc.",přednáška,2008 / zimní,9,48,"2,33","2,00","2,00","1,67","2,11","1,56","2,22","2,13",,,,,,,,
NAIL002,"doc. RNDr. Iveta Mrázová, CSc.",přednáška,2011 / zimní,10,51,"2,80","3,00","2,80","1,80","3,00","2,22","2,70","2,56",,,,,,,,
NAIL002,"doc. RNDr. Iveta Mrázová, CSc.",přednáška,2013 / zimní,12,35,"2,58","2,92","2,58","2,08","2,70",,"2,91","2,56",,,,,,,,
NAIL002,"doc. RNDr. Iveta Mrázová, CSc.",přednáška,2015 / zimní,18,44,,,,,,,,,,,,,,"2,28",,
NAIL002,"doc. RNDr. Iveta Mrázová, CSc.",přednáška,2016 / zimní,13,39,,,,,,,,,,,,,,"3,54",,
NAIL002,"doc. RNDr. Iveta Mrázová, CSc.",přednáška,2017 / zimní,11,47,,,,,,,,,,,,,,"2,64",,
NAIL002,"doc. RNDr. Iveta Mrázová, CSc.",přednáška,2018 / zimní,10,49,,,,,,,,,,,,,,"2,80",,
NAIL002,"doc. RNDr. Iveta Mrázová, CSc.",přednáška,2020 / zimní,9,25,,,,,,,,,,,,,,"3,56",,
NAIL002,"doc. RNDr. Iveta Mrázová, CSc.",přednáška,2022 / zimní,5,33,,,,,,,,,,,,,,"2,20",,
NAIL002,"doc. RNDr. Iveta Mrázová, CSc.",přednáška,2023 / zimní,6,38,,,,,,,,,,,,,,"2,83",,
NAIL002,"doc. RNDr. Iveta Mrázová, CSc.",přednáška,2024 / zimní,6,50,,,,,,,,,,,,,,"2,00",,
NAIL002,"doc. RNDr. Iveta Mrázová, CSc.",přednáška,2025 / zimní,5,51,,,,,,,,,,,,,,"2,60",,
NAIL002,"doc. RNDr. Iveta Mrázová, CSc.",cvičení,2015 / zimní,17,44,,,,,,,,,,,,,,,,
NAIL002,"doc. RNDr. Iveta Mrázová, CSc.",cvičení,2016 / zimní,13,39,,,,,,,,,,,,,,,,
NAIL002,"doc. RNDr. Iveta Mrázová, CSc.",cvičení,2017 / zimní,12,47,,,,,,,,,,,,,,,,
NAIL002,"doc. RNDr. Iveta Mrázová, CSc.",cvičení,2018 / zimní,9,49,,,,,,,,,,,,,,,,
NAIL002,"doc. RNDr. Iveta Mrázová, CSc.",cvičení,2020 / zimní,9,25,,,,,,,,,,,,,,,,
NAIL002,"doc. RNDr. Iveta Mrázová, CSc.",cvičení,2021 / zimní,5,41,,,,,,,,,,,,,,,,
NAIL002,"doc. RNDr. Iveta Mrázová, CSc.",cvičení,2023 / zimní,6,38,,,,,,,,,,,,,,,,
NAIL002,"doc. RNDr. Iveta Mrázová, CSc.",cvičení,2024 / zimní,6,50,,,,,,,,,,,,,,,,
NAIL002,"doc. RNDr. Iveta Mrázová, CSc.",přednáška,2015 / zimní,20,44,,,,,,,,,,,,,,,,
NAIL002,"doc. RNDr. Iveta Mrázová, CSc.",přednáška,2016 / zimní,13,39,,,,,,,,,,,,,,,,
NAIL002,"doc. RNDr. Iveta Mrázová, CSc.",přednáška,2017 / zimní,11,47,,,,,,,,,,,,,,,,
NAIL002,"doc. RNDr. Iveta Mrázová, CSc.",přednáška,2018 / zimní,10,49,,,,,,,,,,,,,,,,
NAIL002,"doc. RNDr. Iveta Mrázová, CSc.",přednáška,2020 / zimní,11,25,,,,,,,,,,,,,,,,
NAIL002,"doc. RNDr. Iveta Mrázová, CSc.",přednáška,2021 / zimní,5,41,,,,,,,,,,,,,,,,
NAIL002,"doc. RNDr. Iveta Mrázová, CSc.",přednáška,2022 / zimní,5,33,,,,,,,,,,,,,,,,
NAIL002,"doc. RNDr. Iveta Mrázová, CSc.",přednáška,2023 / zimní,6,38,,,,,,,,,,,,,,,,
NAIL002,"doc. RNDr. Iveta Mrázová, CSc.",přednáška,2024 / zimní,6,50,,,,,,,,,,,,,,,,
NAIL002,"doc. RNDr. Iveta Mrázová, CSc.",přednáška,2025 / zimní,6,51,,,,,,,,,,,,,,,,
NAIL060,"RNDr. Petr Božovský, CSc.",cvičení,2015 / zimní,6,16,,,,,,,,,,,,,,"2,50",,
NAIL060,"RNDr. Petr Božovský, CSc.",cvičení,2016 / zimní,6,21,,,,,,,,,,,,,,"2,33",,
NAIL060,"RNDr. Petr Božovský, CSc.",cvičení,2017 / zimní,6,18,,,,,,,,,,,,,,"2,00",,
NAIL060,"RNDr. Petr Božovský, CSc.",přednáška,2015 / zimní,6,16,,,,,,,,,,,,,,"2,50",,
NAIL060,"RNDr. Petr Božovský, CSc.",přednáška,2016 / zimní,7,21,,,,,,,,,,,,,,"2,71",,
NAIL060,"RNDr. Petr Božovský, CSc.",přednáška,2017 / zimní,7,18,,,,,,,,,,,,,,"1,71",,
NAIL060,"RNDr. Petr Božovský, CSc.",přednáška,2018 / zimní,5,27,,,,,,,,,,,,,,"1,60",,
NAIL060,"RNDr. Petr Božovský, CSc.",cvičení,2015 / zimní,6,16,,,,,,,,,,,,,,,,
NAIL060,"RNDr. Petr Božovský, CSc.",cvičení,2016 / zimní,6,21,,,,,,,,,,,,,,,,
NAIL060,"RNDr. Petr Božovský, CSc.",cvičení,2017 / zimní,6,18,,,,,,,,,,,,,,,,
NAIL060,"RNDr. Petr Božovský, CSc.",přednáška,2015 / zimní,6,16,,,,,,,,,,,,,,,,
NAIL060,"RNDr. Petr Božovský, CSc.",přednáška,2016 / zimní,7,21,,,,,,,,,,,,,,,,
NAIL060,"RNDr. Petr Božovský, CSc.",přednáška,2017 / zimní,7,18,,,,,,,,,,,,,,,,
NAIL060,"RNDr. Petr Božovský, CSc.",přednáška,2018 / zimní,5,27,,,,,,,,,,,,,,,,
NAIL013,"doc. RNDr. Iveta Mrázová, CSc.",přednáška,2011 / letní,7,22,"3,71","3,14","3,43","2,43","3,43","2,00","3,00","2,71",,,,,,,,
NAIL013,"doc. RNDr. Iveta Mrázová, CSc.",přednáška,2018 / letní,5,17,,,,,,,,,,,,,,"1,60",,
NAIL013,"doc. RNDr. Iveta Mrázová, CSc.",přednáška,2018 / letní,5,17,,,,,,,,,,,,,,,,
NAIL029,"Mgr. Marta Vomlelová, Ph.D.",přednáška,2011 / letní,6,29,"2,67","2,67","1,83","1,17","2,50","1,40","2,67","2,20",,,,,,,,
NAIL029,"Mgr. Marta Vomlelová, Ph.D.",přednáška,2013 / letní,8,61,"2,38","2,25","2,25","1,75","2,38","2,00","2,86","2,71",,,,,"2,14",,,
NAIL029,"Mgr. Marta Vomlelová, Ph.D.",přednáška,2014 / letní,8,59,"2,13","2,13","2,13","1,50","2,38",,"3,00","3,00",,,,,"2,38",,,
NAIL029,"Mgr. Marta Vomlelová, Ph.D.",přednáška,2015 / letní,8,37,,,,,,,,,,,,,,"3,50",,
NAIL029,"Mgr. Marta Vomlelová, Ph.D.",přednáška,2019 / letní,11,41,,,,,,,,,,,,,,"2,09",,
NAIL029,"Mgr. Marta Vomlelová, Ph.D.",přednáška,2015 / letní,9,37,,,,,,,,,,,,,,,,
NAIL029,"Mgr. Marta Vomlelová, Ph.D.",přednáška,2017 / letní,5,46,,,,,,,,,,,,,,,,
NAIL029,"Mgr. Marta Vomlelová, Ph.D.",přednáška,2019 / letní,11,41,,,,,,,,,,,,,,,,
NPFL147,"Mgr. Jindřich Helcl, Ph.D.",cvičení,2025 / zimní,8,63,,,,,,,,,,,,,,"2,25",,
NPFL147,"doc. RNDr. Pavel Pecina, Ph.D.",cvičení,2025 / zimní,9,63,,,,,,,,,,,,,,"2,11",,
NPFL147,"doc. RNDr. Pavel Pecina, Ph.D.",přednáška,2025 / zimní,8,63,,,,,,,,,,,,,,"2,00",,
NPFL147,"doc. RNDr. Pavel Pecina, Ph.D.",cvičení,2025 / zimní,10,63,,,,,,,,,,,,,,,,
NPFL147,"doc. RNDr. Pavel Pecina, Ph.D.",přednáška,2025 / zimní,9,63,,,,,,,,,,,,,,,,
NAIL025,"Mgr. Roman Neruda, CSc.",přednáška,2004 / letní,9,41,"1,33","2,44","1,89","1,33","2,56","1,83","1,86","1,86",,,,,,,,
NAIL025,"Mgr. Roman Neruda, CSc.",přednáška,2005 / letní,7,37,"1,14","2,00","1,29","1,14","1,86","2,20","2,20","1,67",,,,,,,,
NAIL025,"Mgr. Roman Neruda, CSc.",přednáška,2007 / zimní,7,28,"1,14","1,71","1,43","1,00","1,71","1,29","1,71","1,57",,,,,,,,
NAIL025,"Mgr. Roman Neruda, CSc.",přednáška,2010 / zimní,6,44,"1,67","2,83","1,33","1,33","2,33","2,83","1,33","2,17",,,,,,,,
NAIL025,"Mgr. Roman Neruda, CSc.",přednáška,2011 / zimní,9,48,"1,78","2,33","1,89","1,78","2,44","1,88","1,75","2,00",,,,,,,,
NAIL025,"Mgr. Roman Neruda, CSc.",přednáška,2014 / zimní,16,43,"1,25","1,63","1,13","1,06","1,56","1,00","2,75","2,25",,,,,"2,50",,,
NAIL025,"Mgr. Roman Neruda, CSc.",přednáška,2015 / zimní,13,40,,,,,,,,,,,,,,"1,46",,
NAIL025,"Mgr. Roman Neruda, CSc.",přednáška,2016 / zimní,11,36,,,,,,,,,,,,,,"1,36",,
NAIL025,"Mgr. Roman Neruda, CSc.",přednáška,2017 / zimní,15,59,,,,,,,,,,,,,,"1,33",,
NAIL025,"Mgr. Roman Neruda, CSc.",přednáška,2018 / zimní,13,66,,,,,,,,,,,,,,"1,08",,
NAIL025,"Mgr. Roman Neruda, CSc.",přednáška,2019 / zimní,9,58,,,,,,,,,,,,,,"1,22",,
NAIL025,"Mgr. Roman Neruda, CSc.",přednáška,2020 / zimní,10,44,,,,,,,,,,,,,,"1,40",,
NAIL025,"Mgr. Roman Neruda, CSc.",přednáška,2021 / zimní,8,64,,,,,,,,,,,,,,"1,00",,
NAIL025,"Mgr. Roman Neruda, CSc.",přednáška,2022 / zimní,7,73,,,,,,,,,,,,,,"1,29",,
NAIL025,"Mgr. Roman Neruda, CSc.",přednáška,2023 / zimní,12,67,,,,,,,,,,,,,,"1,00",,
NAIL025,"Mgr. Roman Neruda, CSc.",přednáška,2024 / zimní,17,102,,,,,,,,,,,,,,"1,12",,
NAIL025,"Mgr. Roman Neruda, CSc.",přednáška,2025 / zimní,13,100,,,,,,,,,,,,,,"1,08",,
NAIL025,"doc. Mgr. Martin Pilát, Ph.D.",cvičení,2009 / zimní,5,51,"1,80","2,00","2,00","1,20","2,40","1,00","2,00","1,75",,,,,,,,
NAIL025,"doc. Mgr. Martin Pilát, Ph.D.",cvičení,2010 / zimní,6,44,"1,33","1,50","1,33","1,17","1,33","1,50","1,83","1,83",,,,,,,,
NAIL025,"doc. Mgr. Martin Pilát, Ph.D.",cvičení,2011 / zimní,9,48,"1,33","1,33","2,00","1,00","1,56","1,29","1,86","2,00",,,,,,,,
NAIL025,"doc. Mgr. Martin Pilát, Ph.D.",cvičení,2012 / zimní,5,46,"1,00","1,00","1,00","1,00","1,00","1,20","2,00","1,40",,,,,,,,
NAIL025,"doc. Mgr. Martin Pilát, Ph.D.",cvičení,2013 / zimní,13,44,"1,92","1,62","1,92","1,15","1,85",,"2,08","2,38",,,,,,,,
NAIL025,"doc. Mgr. Martin Pilát, Ph.D.",cvičení,2014 / zimní,16,43,"1,31","1,44","1,44","1,06","1,38","1,00","2,44","2,19",,,,,"1,88",,,
NAIL025,"doc. Mgr. Martin Pilát, Ph.D.",cvičení,2015 / zimní,14,40,,,,,,,,,,,,,,"1,21",,
NAIL025,"doc. Mgr. Martin Pilát, Ph.D.",cvičení,2016 / zimní,11,36,,,,,,,,,,,,,,"1,73",,
NAIL025,"doc. Mgr. Martin Pilát, Ph.D.",cvičení,2017 / zimní,14,59,,,,,,,,,,,,,,"1,14",,
NAIL025,"doc. Mgr. Martin Pilát, Ph.D.",cvičení,2018 / zimní,12,66,,,,,,,,,,,,,,"1,00",,
NAIL025,"doc. Mgr. Martin Pilát, Ph.D.",cvičení,2019 / zimní,11,58,,,,,,,,,,,,,,"1,09",,
NAIL025,"doc. Mgr. Martin Pilát, Ph.D.",cvičení,2020 / zimní,10,44,,,,,,,,,,,,,,"1,00",,
NAIL025,"doc. Mgr. Martin Pilát, Ph.D.",cvičení,2021 / zimní,7,64,,,,,,,,,,,,,,"1,00",,
NAIL025,"doc. Mgr. Martin Pilát, Ph.D.",cvičení,2022 / zimní,7,73,,,,,,,,,,,,,,"1,43",,
NAIL025,"doc. Mgr. Martin Pilát, Ph.D.",cvičení,2023 / zimní,12,67,,,,,,,,,,,,,,"1,00",,
NAIL025,"doc. Mgr. Martin Pilát, Ph.D.",cvičení,2024 / zimní,17,102,,,,,,,,,,,,,,"1,12",,
NAIL025,"doc. Mgr. Martin Pilát, Ph.D.",cvičení,2025 / zimní,11,100,,,,,,,,,,,,,,"1,09",,
NAIL025,"doc. Mgr. Martin Pilát, Ph.D.",přednáška,2023 / zimní,11,67,,,,,,,,,,,,,,"1,00",,
NAIL025,"doc. Mgr. Martin Pilát, Ph.D.",přednáška,2024 / zimní,17,102,,,,,,,,,,,,,,"1,06",,
NAIL025,"doc. Mgr. Martin Pilát, Ph.D.",přednáška,2025 / zimní,12,100,,,,,,,,,,,,,,"1,17",,
NAIL025,"RNDr. Petra Vidnerová, Ph.D.",cvičení,2007 / zimní,6,28,"1,33","1,50","1,50","1,17","1,50","1,33","2,00","1,67",,,,,,,,
NAIL025,"RNDr. Petra Vidnerová, Ph.D.",cvičení,2015 / zimní,15,40,,,,,,,,,,,,,,,,
NAIL025,"RNDr. Petra Vidnerová, Ph.D.",cvičení,2016 / zimní,11,36,,,,,,,,,,,,,,,,
NAIL025,"RNDr. Petra Vidnerová, Ph.D.",cvičení,2017 / zimní,14,59,,,,,,,,,,,,,,,,
NAIL025,"RNDr. Petra Vidnerová, Ph.D.",cvičení,2018 / zimní,12,66,,,,,,,,,,,,,,,,
NAIL025,"RNDr. Petra Vidnerová, Ph.D.",cvičení,2019 / zimní,11,58,,,,,,,,,,,,,,,,
NAIL025,"RNDr. Petra Vidnerová, Ph.D.",přednáška,2015 / zimní,14,40,,,,,,,,,,,,,,,,
NAIL025,"RNDr. Petra Vidnerová, Ph.D.",přednáška,2016 / zimní,11,36,,,,,,,,,,,,,,,,
NAIL025,"RNDr. Petra Vidnerová, Ph.D.",přednáška,2017 / zimní,15,59,,,,,,,,,,,,,,,,
NAIL025,"RNDr. Petra Vidnerová, Ph.D.",přednáška,2018 / zimní,13,66,,,,,,,,,,,,,,,,
NAIL025,"RNDr. Petra Vidnerová, Ph.D.",přednáška,2019 / zimní,10,58,,,,,,,,,,,,,,,,
NAIL025,"RNDr. Petra Vidnerová, Ph.D.",cvičení,2020 / zimní,10,44,,,,,,,,,,,,,,,,
NAIL025,"RNDr. Petra Vidnerová, Ph.D.",cvičení,2021 / zimní,7,64,,,,,,,,,,,,,,,,
NAIL025,"RNDr. Petra Vidnerová, Ph.D.",cvičení,2022 / zimní,7,73,,,,,,,,,,,,,,,,
NAIL025,"RNDr. Petra Vidnerová, Ph.D.",cvičení,2023 / zimní,12,67,,,,,,,,,,,,,,,,
NAIL025,"RNDr. Petra Vidnerová, Ph.D.",cvičení,2024 / zimní,17,102,,,,,,,,,,,,,,,,
NAIL025,"RNDr. Petra Vidnerová, Ph.D.",cvičení,2025 / zimní,11,100,,,,,,,,,,,,,,,,
NAIL025,"RNDr. Petra Vidnerová, Ph.D.",přednáška,2020 / zimní,10,44,,,,,,,,,,,,,,,,
NAIL025,"RNDr. Petra Vidnerová, Ph.D.",přednáška,2021 / zimní,9,64,,,,,,,,,,,,,,,,
NAIL025,"RNDr. Petra Vidnerová, Ph.D.",přednáška,2022 / zimní,7,73,,,,,,,,,,,,,,,,
NAIL025,"RNDr. Petra Vidnerová, Ph.D.",přednáška,2023 / zimní,12,67,,,,,,,,,,,,,,,,
NAIL025,"RNDr. Petra Vidnerová, Ph.D.",přednáška,2024 / zimní,17,102,,,,,,,,,,,,,,,,
NAIL025,"RNDr. Petra Vidnerová, Ph.D.",přednáška,2025 / zimní,13,100,,,,,,,,,,,,,,,,
NAIL107,"RNDr. František Mráz, CSc.",cvičení,2015 / letní,6,19,,,,,,,,,,,,,,"2,33",,
NAIL107,"RNDr. František Mráz, CSc.",cvičení,2017 / letní,6,19,,,,,,,,,,,,,,"1,33",,
NAIL107,"RNDr. František Mráz, CSc.",přednáška,2015 / letní,6,19,,,,,,,,,,,,,,"2,33",,
NAIL107,"RNDr. František Mráz, CSc.",přednáška,2017 / letní,6,19,,,,,,,,,,,,,,"1,17",,
NAIL107,"RNDr. František Mráz, CSc.",cvičení,2015 / letní,6,19,,,,,,,,,,,,,,,,
NAIL107,"RNDr. František Mráz, CSc.",cvičení,2017 / letní,6,19,,,,,,,,,,,,,,,,
NAIL107,"RNDr. František Mráz, CSc.",přednáška,2015 / letní,6,19,,,,,,,,,,,,,,,,
NAIL107,"RNDr. František Mráz, CSc.",přednáška,2017 / letní,6,19,,,,,,,,,,,,,,,,
NDBI023,"RNDr. František Mráz, CSc.",cvičení,2013 / letní,12,30,"1,83","2,27","2,17","1,67","2,00",,"2,50","2,55",,,,,"1,83",,,
NDBI023,"RNDr. František Mráz, CSc.",cvičení,2015 / letní,9,27,,,,,,,,,,,,,,"2,33",,
NDBI023,"RNDr. František Mráz, CSc.",cvičení,2024 / letní,8,43,,,,,,,,,,,,,,"1,75",,
NDBI023,"doc. RNDr. Iveta Mrázová, CSc.",přednáška,2004 / letní,5,46,"1,80","1,80","2,20","1,40","1,80","1,40","1,80","3,00",,,,,,,,
NDBI023,"doc. RNDr. Iveta Mrázová, CSc.",přednáška,2008 / letní,7,72,"2,71","2,29","2,71","1,71","2,14","1,43","1,86","2,33",,,,,,,,
NDBI023,"doc. RNDr. Iveta Mrázová, CSc.",přednáška,2011 / letní,8,31,"2,50","2,13","2,25","2,00","2,50","1,75","2,63","3,00",,,,,,,,
NDBI023,"doc. RNDr. Iveta Mrázová, CSc.",přednáška,2013 / letní,7,30,"2,86","3,14","3,00","2,29","3,83","2,00","2,71","3,17",,,,,"3,00",,,
NDBI023,"doc. RNDr. Iveta Mrázová, CSc.",přednáška,2014 / letní,5,21,"1,40","1,60","1,40","1,20","1,60",,"3,20","2,80",,,,,"2,00",,,
NDBI023,"doc. RNDr. Iveta Mrázová, CSc.",přednáška,2015 / letní,13,27,,,,,,,,,,,,,,"2,85",,
NDBI023,"doc. RNDr. Iveta Mrázová, CSc.",přednáška,2024 / letní,8,43,,,,,,,,,,,,,,"1,63",,
NDBI023,"doc. RNDr. Iveta Mrázová, CSc.",cvičení,2015 / letní,9,27,,,,,,,,,,,,,,,,
NDBI023,"doc. RNDr. Iveta Mrázová, CSc.",cvičení,2024 / letní,8,43,,,,,,,,,,,,,,,,
NDBI023,"doc. RNDr. Iveta Mrázová, CSc.",přednáška,2015 / letní,13,27,,,,,,,,,,,,,,,,
NDBI023,"doc. RNDr. Iveta Mrázová, CSc.",přednáška,2024 / letní,8,43,,,,,,,,,,,,,,,,
NPFL138,"RNDr. Milan Straka, Ph.D.",cvičení,2023 / letní,19,199,,,,,,,,,,,,,,"1,05",,
NPFL138,"RNDr. Milan Straka, Ph.D.",přednáška,2023 / letní,22,199,,,,,,,,,,,,,,"1,05",,
NPFL138,"RNDr. Milan Straka, Ph.D.",přednáška,2024 / letní,26,245,,,,,,,,,,,,,,"1,04",,
NPFL138,"RNDr. Milan Straka, Ph.D.",cvičení,2023 / letní,19,199,,,,,,,,,,,,,,,,
NPFL138,"RNDr. Milan Straka, Ph.D.",přednáška,2023 / letní,22,199,,,,,,,,,,,,,,,,
NPFL138,"RNDr. Milan Straka, Ph.D.",přednáška,2024 / letní,26,245,,,,,,,,,,,,,,,,
NPFL139,"RNDr. Milan Straka, Ph.D.",cvičení,2023 / letní,6,62,,,,,,,,,,,,,,"1,00",,
NPFL139,"RNDr. Milan Straka, Ph.D.",cvičení,2024 / letní,10,100,,,,,,,,,,,,,,"1,20",,
NPFL139,"RNDr. Milan Straka, Ph.D.",přednáška,2023 / letní,8,62,,,,,,,,,,,,,,"1,00",,
NPFL139,"RNDr. Milan Straka, Ph.D.",přednáška,2024 / letní,11,100,,,,,,,,,,,,,,"1,00",,
NPFL139,"RNDr. Milan Straka, Ph.D.",cvičení,2023 / letní,6,62,,,,,,,,,,,,,,,,
NPFL139,"RNDr. Milan Straka, Ph.D.",cvičení,2024 / letní,10,100,,,,,,,,,,,,,,,,
NPFL139,"RNDr. Milan Straka, Ph.D.",přednáška,2023 / letní,8,62,,,,,,,,,,,,,,,,
NPFL139,"RNDr. Milan Straka, Ph.D.",přednáška,2024 / letní,11,100,,,,,,,,,,,,,,,,
NMAI073,"doc. Mgr. Robert Šámal, Ph.D.",přednáška,2021 / zimní,5,22,,,,,,,,,,,,,,"1,80",,
NMAI073,"doc. Mgr. Robert Šámal, Ph.D.",přednáška,2022 / zimní,5,27,,,,,,,,,,,,,,"1,60",,
NMAI073,"doc. Mgr. Robert Šámal, Ph.D.",přednáška,2023 / zimní,6,56,,,,,,,,,,,,,,"1,83",,
NMAI073,"doc. Mgr. Robert Šámal, Ph.D.",přednáška,2024 / zimní,7,63,,,,,,,,,,,,,,"1,29",,
NMAI073,"Bc. Josef Tkadlec, Ph.D.",cvičení,2024 / zimní,7,63,,,,,,,,,,,,,,"1,00",,
NMAI073,"Bc. Josef Tkadlec, Ph.D.",cvičení,2024 / zimní,7,63,,,,,,,,,,,,,,,,
NMAI073,"Bc. Josef Tkadlec, Ph.D.",přednáška,2021 / zimní,5,22,,,,,,,,,,,,,,,,
NMAI073,"Bc. Josef Tkadlec, Ph.D.",přednáška,2022 / zimní,5,27,,,,,,,,,,,,,,,,
NMAI073,"Bc. Josef Tkadlec, Ph.D.",přednáška,2023 / zimní,6,56,,,,,,,,,,,,,,,,
NMAI073,"Bc. Josef Tkadlec, Ph.D.",přednáška,2024 / zimní,7,63,,,,,,,,,,,,,,,,
NAIL104,"Mgr. Marta Vomlelová, Ph.D.",přednáška,2020 / zimní,5,25,,,,,,,,,,,,,,"2,80",,
NAIL104,"Mgr. Marta Vomlelová, Ph.D.",přednáška,2020 / zimní,5,25,,,,,,,,,,,,,,,,
NPFL140,"Mgr. Jindřich Helcl, Ph.D.",cvičení,2023 / letní,5,51,,,,,,,,,,,,,,"1,40",,
NPFL140,"Mgr. Jindřich Libovický, Ph.D.",cvičení,2023 / letní,5,51,,,,,,,,,,,,,,"1,40",,
NPFL140,"Mgr. Jindřich Libovický, Ph.D.",cvičení,2023 / letní,5,51,,,,,,,,,,,,,,,,
NAIL015,"RNDr. Petr Božovský, CSc.",cvičení,2014 / letní,6,6,"1,67","1,83","1,33","1,50","2,00",,"2,67","2,17",,,,,"3,20",,,
NAIL015,"RNDr. Petr Božovský, CSc.",přednáška,2014 / letní,6,6,"2,00","1,83","2,00","1,50","2,17",,"2,67","2,67",,,,,"2,83",,,
NMAI060,"prof. RNDr. Jaromír Antoch, CSc.",cvičení,2014 / zimní,17,74,"2,53","2,41","2,13","1,31","2,59",,"3,50","2,94",,,,,"3,29",,,
NMAI060,"prof. RNDr. Jaromír Antoch, CSc.",přednáška,2006 / zimní,13,98,"2,62","2,46","2,38","1,77","2,31","1,64","3,00","3,00",,,,,,,,
NMAI060,"prof. RNDr. Jaromír Antoch, CSc.",přednáška,2007 / zimní,15,145,"2,67","2,87","2,40","1,40","2,33","1,56","2,58","2,30",,,,,,,,
NMAI060,"prof. RNDr. Jaromír Antoch, CSc.",přednáška,2008 / zimní,15,155,"2,80","2,87","2,53","1,13","2,07","1,53","2,40","2,77",,,,,,,,
NMAI060,"prof. RNDr. Jaromír Antoch, CSc.",přednáška,2013 / zimní,18,83,"2,56","2,35","2,39","1,56","2,50",,"3,72","3,20",,,,,,,,
NMAI060,"prof. RNDr. Jaromír Antoch, CSc.",přednáška,2014 / zimní,21,74,"2,76","2,60","2,57","1,60","2,60","1,50","3,47","3,42",,,,,"2,75",,,
NMAI060,"prof. RNDr. Jaromír Antoch, CSc.",přednáška,2015 / zimní,21,63,,,,,,,,,,,,,,"2,14",,
NMAI060,"prof. RNDr. Jaromír Antoch, CSc.",přednáška,2016 / zimní,13,59,,,,,,,,,,,,,,"2,31",,
NMAI060,"prof. RNDr. Jaromír Antoch, CSc.",přednáška,2017 / zimní,20,77,,,,,,,,,,,,,,"2,15",,
NMAI060,"prof. RNDr. Jaromír Antoch, CSc.",přednáška,2018 / zimní,17,104,,,,,,,,,,,,,,"2,53",,
NMAI060,"prof. RNDr. Jaromír Antoch, CSc.",přednáška,2019 / zimní,12,71,,,,,,,,,,,,,,"2,17",,
NMAI060,"prof. RNDr. Jaromír Antoch, CSc.",přednáška,2020 / zimní,10,39,,,,,,,,,,,,,,"1,50",,
NMAI060,"prof. RNDr. Jaromír Antoch, CSc.",přednáška,2015 / zimní,22,63,,,,,,,,,,,,,,,,
NMAI060,"prof. RNDr. Jaromír Antoch, CSc.",přednáška,2016 / zimní,13,59,,,,,,,,,,,,,,,,
NMAI060,"prof. RNDr. Jaromír Antoch, CSc.",přednáška,2017 / zimní,22,77,,,,,,,,,,,,,,,,
NMAI060,"prof. RNDr. Jaromír Antoch, CSc.",přednáška,2018 / zimní,18,104,,,,,,,,,,,,,,,,
NMAI060,"prof. RNDr. Jaromír Antoch, CSc.",přednáška,2019 / zimní,14,71,,,,,,,,,,,,,,,,
NMAI060,"prof. RNDr. Jaromír Antoch, CSc.",přednáška,2020 / zimní,10,39,,,,,,,,,,,,,,,,
NPFL103,"doc. RNDr. Pavel Pecina, Ph.D.",přednáška,2017 / zimní,5,27,,,,,,,,,,,,,,"1,40",,
NPFL103,"doc. RNDr. Pavel Pecina, Ph.D.",přednáška,2018 / zimní,5,26,,,,,,,,,,,,,,"2,20",,
NPFL103,"doc. RNDr. Pavel Pecina, Ph.D.",cvičení,2019 / zimní,5,33,,,,,,,,,,,,,,,,
NPFL103,"doc. RNDr. Pavel Pecina, Ph.D.",přednáška,2017 / zimní,5,27,,,,,,,,,,,,,,,,
NPFL103,"doc. RNDr. Pavel Pecina, Ph.D.",přednáška,2018 / zimní,5,26,,,,,,,,,,,,,,,,
NPFL103,"doc. RNDr. Pavel Pecina, Ph.D.",přednáška,2019 / zimní,5,33,,,,,,,,,,,,,,,,
NAIL086,"Mgr. Roman Neruda, CSc.",přednáška,2009 / letní,5,28,"1,80","2,80","1,20","1,00","2,20","1,60","1,60","2,00",,,,,,,,
NAIL086,"Mgr. Roman Neruda, CSc.",přednáška,2011 / letní,6,23,"1,50","1,83","1,17","1,17","1,50","2,00","1,83","2,00",,,,,,,,
NAIL086,"Mgr. Roman Neruda, CSc.",přednáška,2013 / letní,9,20,"1,44","1,89","1,56","1,00","1,67","3,00","2,11","2,11",,,,,"2,22",,,
NAIL086,"Mgr. Roman Neruda, CSc.",přednáška,2014 / letní,10,25,"1,22","2,00","1,50","1,11","1,90",,"2,67","2,67",,,,,"2,33",,,
NAIL086,"Mgr. Roman Neruda, CSc.",přednáška,2015 / letní,5,23,,,,,,,,,,,,,,"1,20",,
NAIL086,"Mgr. Roman Neruda, CSc.",přednáška,2017 / letní,6,25,,,,,,,,,,,,,,"1,50",,
NAIL086,"Mgr. Roman Neruda, CSc.",přednáška,2018 / letní,7,45,,,,,,,,,,,,,,"1,14",,
NAIL086,"Mgr. Roman Neruda, CSc.",přednáška,2019 / letní,10,41,,,,,,,,,,,,,,"1,30",,
NAIL086,"doc. Mgr. Martin Pilát, Ph.D.",cvičení,2013 / letní,12,20,"1,50","1,67","1,58","1,00","1,92","2,00","2,00","1,92",,,,,"2,17",,,
NAIL086,"doc. Mgr. Martin Pilát, Ph.D.",cvičení,2014 / letní,9,25,"1,89","2,00","1,56","1,22","2,11",,"2,33","2,44",,,,,"3,75",,,
NAIL086,"doc. Mgr. Martin Pilát, Ph.D.",cvičení,2015 / letní,5,23,,,,,,,,,,,,,,"1,00",,
NAIL086,"doc. Mgr. Martin Pilát, Ph.D.",cvičení,2017 / letní,8,25,,,,,,,,,,,,,,"1,38",,
NAIL086,"doc. Mgr. Martin Pilát, Ph.D.",cvičení,2018 / letní,8,45,,,,,,,,,,,,,,"1,25",,
NAIL086,"doc. Mgr. Martin Pilát, Ph.D.",cvičení,2019 / letní,8,41,,,,,,,,,,,,,,"1,00",,
NAIL086,"doc. Mgr. Martin Pilát, Ph.D.",cvičení,2015 / letní,5,23,,,,,,,,,,,,,,,,
NAIL086,"doc. Mgr. Martin Pilát, Ph.D.",cvičení,2017 / letní,8,25,,,,,,,,,,,,,,,,
NAIL086,"doc. Mgr. Martin Pilát, Ph.D.",cvičení,2018 / letní,8,45,,,,,,,,,,,,,,,,
NAIL086,"doc. Mgr. Martin Pilát, Ph.D.",cvičení,2019 / letní,8,41,,,,,,,,,,,,,,,,
NAIL086,"doc. Mgr. Martin Pilát, Ph.D.",přednáška,2015 / letní,5,23,,,,,,,,,,,,,,,,
NAIL086,"doc. Mgr. Martin Pilát, Ph.D.",přednáška,2017 / letní,7,25,,,,,,,,,,,,,,,,
NAIL086,"doc. Mgr. Martin Pilát, Ph.D.",přednáška,2018 / letní,7,45,,,,,,,,,,,,,,,,
NAIL086,"doc. Mgr. Martin Pilát, Ph.D.",přednáška,2019 / letní,10,41,,,,,,,,,,,,,,,,
NMSA331,"prof. RNDr. Jiří Anděl, DrSc.",přednáška,2012 / zimní,7,41,"1,71","2,71","1,57","1,57","1,86","2,17","3,43","2,17",,,,,,,,
NMSA331,"prof. RNDr. Jiří Anděl, DrSc.",přednáška,2013 / zimní,19,41,"2,37","3,00","1,58","1,32","2,26",,"3,06","3,00",,,,,,,,
NMSA331,"prof. RNDr. Jiří Anděl, DrSc.",přednáška,2014 / zimní,20,33,"2,05","2,35","1,75","1,30","2,20","2,00","2,95","2,30",,,,,"1,65",,,
NMSA331,"doc. RNDr. Daniel Hlubinka, Ph.D.",cvičení,2013 / zimní,13,41,"2,23","2,23","2,00","1,62","2,15",,"3,31","2,92",,,,,,,,
NMSA331,"doc. RNDr. Daniel Hlubinka, Ph.D.",cvičení,2014 / zimní,15,33,"1,47","1,57","1,53","1,20","1,40","1,00","3,14","2,31",,,,,"1,33",,,
NMSA331,"doc. RNDr. Daniel Hlubinka, Ph.D.",cvičení,2015 / zimní,11,29,,,,,,,,,,,,,,"2,64",,
NMSA331,"doc. RNDr. Šárka Hudecová, Ph.D.",cvičení,2017 / zimní,8,33,,,,,,,,,,,,,,"1,25",,
NMSA331,"doc. RNDr. Šárka Hudecová, Ph.D.",cvičení,2018 / zimní,15,35,,,,,,,,,,,,,,"1,00",,
NMSA331,"doc. RNDr. Šárka Hudecová, Ph.D.",cvičení,2019 / zimní,5,32,,,,,,,,,,,,,,"1,40",,
NMSA331,"doc. RNDr. Šárka Hudecová, Ph.D.",cvičení,2020 / zimní,8,39,,,,,,,,,,,,,,"1,38",,
NMSA331,"doc. RNDr. Šárka Hudecová, Ph.D.",cvičení,2021 / zimní,5,40,,,,,,,,,,,,,,"1,00",,
NMSA331,"prof. RNDr. Arnošt Komárek, Ph.D.",přednáška,2022 / zimní,9,30,,,,,,,,,,,,,,"1,33",,
NMSA331,"doc. Mgr. Michal Kulich, Ph.D.",přednáška,2015 / zimní,16,29,,,,,,,,,,,,,,"1,63",,
NMSA331,"doc. Mgr. Michal Kulich, Ph.D.",přednáška,2016 / zimní,16,35,,,,,,,,,,,,,,"1,94",,
NMSA331,"doc. Mgr. Stanislav Nagy, Ph.D.",cvičení,2018 / zimní,5,35,,,,,,,,,,,,,,"1,00",,
NMSA331,"doc. Mgr. Stanislav Nagy, Ph.D.",cvičení,2019 / zimní,10,32,,,,,,,,,,,,,,"1,70",,
NMSA331,"doc. Mgr. Stanislav Nagy, Ph.D.",cvičení,2020 / zimní,10,39,,,,,,,,,,,,,,"1,30",,
NMSA331,"doc. Mgr. Stanislav Nagy, Ph.D.",cvičení,2021 / zimní,7,40,,,,,,,,,,,,,,"1,57",,
NMSA331,"doc. Mgr. Stanislav Nagy, Ph.D.",cvičení,2022 / zimní,8,30,,,,,,,,,,,,,,"1,25",,
NMSA331,"doc. Ing. Marek Omelka, Ph.D.",cvičení,2013 / zimní,12,41,"1,58","1,42","1,67","1,25","1,42",,"3,45","3,00",,,,,,,,
NMSA331,"doc. Ing. Marek Omelka, Ph.D.",cvičení,2014 / zimní,10,33,"1,30","1,50","1,60","1,30","1,30","1,00","2,90","2,30",,,,,"1,80",,,
NMSA331,"doc. Ing. Marek Omelka, Ph.D.",cvičení,2015 / zimní,7,29,,,,,,,,,,,,,,"2,00",,
NMSA331,"doc. Ing. Marek Omelka, Ph.D.",cvičení,2016 / zimní,15,35,,,,,,,,,,,,,,"1,60",,
NMSA331,"doc. Ing. Marek Omelka, Ph.D.",přednáška,2017 / zimní,11,33,,,,,,,,,,,,,,"1,82",,
NMSA331,"doc. Ing. Marek Omelka, Ph.D.",přednáška,2018 / zimní,20,35,,,,,,,,,,,,,,"1,15",,
NMSA331,"doc. Ing. Marek Omelka, Ph.D.",přednáška,2019 / zimní,17,32,,,,,,,,,,,,,,"1,41",,
NMSA331,"doc. Ing. Marek Omelka, Ph.D.",přednáška,2020 / zimní,17,39,,,,,,,,,,,,,,"1,24",,
NMSA331,"doc. Ing. Marek Omelka, Ph.D.",přednáška,2021 / zimní,12,40,,,,,,,,,,,,,,"1,00",,
NMSA331,"doc. Ing. Marek Omelka, Ph.D.",cvičení,2015 / zimní,18,29,,,,,,,,,,,,,,,,
NMSA331,"doc. Ing. Marek Omelka, Ph.D.",cvičení,2016 / zimní,15,35,,,,,,,,,,,,,,,,
NMSA331,"doc. Ing. Marek Omelka, Ph.D.",cvičení,2017 / zimní,11,33,,,,,,,,,,,,,,,,
NMSA331,"doc. Ing. Marek Omelka, Ph.D.",cvičení,2018 / zimní,20,35,,,,,,,,,,,,,,,,
NMSA331,"doc. Ing. Marek Omelka, Ph.D.",cvičení,2019 / zimní,15,32,,,,,,,,,,,,,,,,
NMSA331,"doc. Ing. Marek Omelka, Ph.D.",cvičení,2020 / zimní,17,39,,,,,,,,,,,,,,,,
NMSA331,"doc. Ing. Marek Omelka, Ph.D.",cvičení,2021 / zimní,12,40,,,,,,,,,,,,,,,,
NMSA331,"doc. Ing. Marek Omelka, Ph.D.",cvičení,2022 / zimní,9,30,,,,,,,,,,,,,,,,
NMSA331,"doc. Ing. Marek Omelka, Ph.D.",cvičení,2025 / zimní,5,30,,,,,,,,,,,,,,,,
NMSA331,"doc. Ing. Marek Omelka, Ph.D.",přednáška,2015 / zimní,16,29,,,,,,,,,,,,,,,,
NMSA331,"doc. Ing. Marek Omelka, Ph.D.",přednáška,2016 / zimní,16,35,,,,,,,,,,,,,,,,
NMSA331,"doc. Ing. Marek Omelka, Ph.D.",přednáška,2017 / zimní,11,33,,,,,,,,,,,,,,,,
NMSA331,"doc. Ing. Marek Omelka, Ph.D.",přednáška,2018 / zimní,20,35,,,,,,,,,,,,,,,,
NMSA331,"doc. Ing. Marek Omelka, Ph.D.",přednáška,2019 / zimní,17,32,,,,,,,,,,,,,,,,
NMSA331,"doc. Ing. Marek Omelka, Ph.D.",přednáška,2020 / zimní,17,39,,,,,,,,,,,,,,,,
NMSA331,"doc. Ing. Marek Omelka, Ph.D.",přednáška,2021 / zimní,13,40,,,,,,,,,,,,,,,,
NMSA331,"doc. Ing. Marek Omelka, Ph.D.",přednáška,2022 / zimní,9,30,,,,,,,,,,,,,,,,
NPGR035,,cvičení,2022 / zimní,5,49,,,,,,,,,,,,,,"1,20",,
NPGR035,"doc. RNDr. Elena Šikudová, Ph.D.",přednáška,2024 / zimní,5,44,,,,,,,,,,,,,,"1,20",,
NPGR035,"doc. RNDr. Elena Šikudová, Ph.D.",přednáška,2025 / zimní,6,40,,,,,,,,,,,,,,"1,00",,
NPGR035,"doc. RNDr. Elena Šikudová, Ph.D.",cvičení,2022 / zimní,5,49,,,,,,,,,,,,,,,,
NPGR035,"doc. RNDr. Elena Šikudová, Ph.D.",cvičení,2025 / zimní,5,40,,,,,,,,,,,,,,,,
NPGR035,"doc. RNDr. Elena Šikudová, Ph.D.",přednáška,2022 / zimní,5,49,,,,,,,,,,,,,,,,
NPGR035,"doc. RNDr. Elena Šikudová, Ph.D.",přednáška,2024 / zimní,5,44,,,,,,,,,,,,,,,,
NPGR035,"doc. RNDr. Elena Šikudová, Ph.D.",přednáška,2025 / zimní,6,40,,,,,,,,,,,,,,,,
NPGR002,"prof. Ing. Jan Flusser, DrSc.",přednáška,2003 / zimní,7,31,"2,71","2,57","2,57","2,57","2,71","2,71","2,57","3,14","3,57","2,57","2,71","2,43",,,,
NPGR002,"prof. Ing. Jan Flusser, DrSc.",přednáška,2005 / zimní,5,36,"1,40","1,40","1,20","1,20","1,60","2,00","2,50","2,33",,,,,,,,
NPGR002,"prof. Ing. Jan Flusser, DrSc.",přednáška,2009 / zimní,5,17,"1,00","1,20","1,00","1,20","1,00","1,25","3,25","1,25",,,,,,,,
NPGR002,"prof. Ing. Jan Flusser, DrSc.",přednáška,2013 / zimní,23,40,"1,43","1,35","1,13","1,35","1,43",,"3,45","2,45",,,,,,,,
NPGR002,"prof. Ing. Jan Flusser, DrSc.",přednáška,2015 / zimní,10,30,,,,,,,,,,,,,,"1,30",,
NPGR002,"prof. Ing. Jan Flusser, DrSc.",přednáška,2016 / zimní,7,36,,,,,,,,,,,,,,"1,57",,
NPGR002,"prof. Ing. Jan Flusser, DrSc.",přednáška,2017 / zimní,6,39,,,,,,,,,,,,,,"1,33",,
NPGR002,"prof. Ing. Jan Flusser, DrSc.",přednáška,2018 / zimní,9,43,,,,,,,,,,,,,,"1,56",,
NPGR002,"prof. Ing. Jan Flusser, DrSc.",přednáška,2019 / zimní,7,15,,,,,,,,,,,,,,"1,14",,
NPGR002,"prof. Ing. Jan Flusser, DrSc.",přednáška,2020 / zimní,8,26,,,,,,,,,,,,,,"3,13",,
NPGR002,"prof. Ing. Jan Flusser, DrSc.",přednáška,2022 / zimní,5,50,,,,,,,,,,,,,,"1,20",,
NPGR002,"prof. Ing. Jan Flusser, DrSc.",přednáška,2015 / zimní,12,30,,,,,,,,,,,,,,,,
NPGR002,"prof. Ing. Jan Flusser, DrSc.",přednáška,2016 / zimní,7,36,,,,,,,,,,,,,,,,
NPGR002,"prof. Ing. Jan Flusser, DrSc.",přednáška,2017 / zimní,6,39,,,,,,,,,,,,,,,,
NPGR002,"prof. Ing. Jan Flusser, DrSc.",přednáška,2018 / zimní,10,43,,,,,,,,,,,,,,,,
NPGR002,"prof. Ing. Jan Flusser, DrSc.",přednáška,2019 / zimní,8,15,,,,,,,,,,,,,,,,
NPGR002,"prof. Ing. Jan Flusser, DrSc.",přednáška,2020 / zimní,8,26,,,,,,,,,,,,,,,,
NPGR002,"prof. Ing. Jan Flusser, DrSc.",přednáška,2022 / zimní,6,50,,,,,,,,,,,,,,,,
NAIL065,"RNDr. František Mráz, CSc.",cvičení,2013 / letní,9,12,"1,89","2,11","1,89","1,67","2,11",,"2,56","2,44",,,,,"2,33",,,
NAIL065,"RNDr. František Mráz, CSc.",cvičení,2014 / letní,6,15,"1,33","2,33","1,67","1,17","1,83",,"2,33","2,67",,,,,"2,17",,,
NAIL065,"RNDr. František Mráz, CSc.",cvičení,2015 / letní,6,25,,,,,,,,,,,,,,"2,00",,
NAIL065,"RNDr. František Mráz, CSc.",přednáška,2013 / letní,5,12,"1,20","1,40","1,60","1,60","2,00",,"2,40","2,25",,,,,"2,00",,,
NAIL065,"RNDr. František Mráz, CSc.",přednáška,2014 / letní,5,15,"1,60","1,20","1,40","1,80","2,00",,"2,60","2,60",,,,,"2,20",,,
NAIL065,"RNDr. František Mráz, CSc.",přednáška,2015 / letní,6,25,,,,,,,,,,,,,,"2,00",,
NAIL065,"RNDr. František Mráz, CSc.",cvičení,2015 / letní,7,25,,,,,,,,,,,,,,,,
NAIL065,"RNDr. František Mráz, CSc.",přednáška,2015 / letní,7,25,,,,,,,,,,,,,,,,
NMAI061,"doc. RNDr. Zdeněk Hlávka, Ph.D.",cvičení,2013 / letní,12,19,"2,33","2,08","2,33","1,92","2,25","1,00","3,18","2,80",,,,,"2,42",,,
NMAI061,"doc. RNDr. Zdeněk Hlávka, Ph.D.",přednáška,2007 / letní,23,123,"2,17","1,91","2,57","1,48","1,96","1,68","2,62","2,62",,,,,,,,
NMAI061,"doc. RNDr. Zdeněk Hlávka, Ph.D.",přednáška,2008 / letní,6,52,"1,83","1,67","1,83","1,50","1,83","1,80","2,20","1,80",,,,,,,,
NMAI061,"doc. RNDr. Zdeněk Hlávka, Ph.D.",přednáška,2011 / letní,5,23,"2,40","2,40","2,40","1,80","2,60","1,75","2,80","2,80",,,,,,,,
NMAI061,"doc. RNDr. Zdeněk Hlávka, Ph.D.",přednáška,2013 / letní,13,19,"2,31","1,92","2,15","1,85","2,33","1,00","3,25","2,58",,,,,"2,31",,,
NAIL109,"Mgr. Roman Neruda, CSc.",cvičení,2015 / zimní,8,22,,,,,,,,,,,,,,"1,38",,
NAIL109,"Mgr. Roman Neruda, CSc.",cvičení,2025 / zimní,5,46,,,,,,,,,,,,,,"1,00",,
NAIL109,"doc. Mgr. Martin Pilát, Ph.D.",cvičení,2015 / zimní,8,22,,,,,,,,,,,,,,"1,13",,
NAIL109,"doc. Mgr. Martin Pilát, Ph.D.",cvičení,2025 / zimní,5,46,,,,,,,,,,,,,,"1,00",,
NAIL109,"doc. Mgr. Martin Pilát, Ph.D.",cvičení,2015 / zimní,8,22,,,,,,,,,,,,,,,,
NAIL109,"doc. Mgr. Martin Pilát, Ph.D.",cvičení,2025 / zimní,5,46,,,,,,,,,,,,,,,,
NPFL123,"Mgr. et Mgr. Ondřej Dušek, Ph.D.",přednáška,2024 / letní,6,52,,,,,,,,,,,,,,"1,17",,
NPFL123,"Mgr. et Mgr. Ondřej Dušek, Ph.D.",přednáška,2024 / letní,6,52,,,,,,,,,,,,,,,,
NPFL097,"RNDr. David Mareček, Ph.D.",cvičení,2014 / zimní,5,6,"2,60","2,40","2,00","1,80","2,20",,"3,00","2,00",,,,,"2,25",,,
NPFL097,"prof. Ing. Zdeněk Žabokrtský, Ph.D.",cvičení,2014 / zimní,5,6,"1,80","2,00","1,80","1,80","1,80",,"3,00","2,00",,,,,"2,25",,,
NAIL106,"Mgr. Roman Neruda, CSc.",přednáška,2013 / letní,14,22,"1,46","2,07","1,64","1,36","1,79","2,00","2,21","2,00",,,,,"2,43",,,
NAIL106,"Mgr. Roman Neruda, CSc.",přednáška,2014 / letní,10,15,"1,50","1,90","1,30","1,00","1,50",,"2,33","2,40",,,,,"2,00",,,
NAIL106,"Mgr. Roman Neruda, CSc.",přednáška,2015 / letní,6,21,,,,,,,,,,,,,,"1,67",,
NAIL106,"Mgr. Roman Neruda, CSc.",přednáška,2017 / letní,8,40,,,,,,,,,,,,,,"1,38",,
NAIL106,"Mgr. Roman Neruda, CSc.",přednáška,2018 / letní,8,45,,,,,,,,,,,,,,"1,13",,
NAIL106,"Mgr. Roman Neruda, CSc.",přednáška,2019 / letní,5,38,,,,,,,,,,,,,,"1,20",,
NAIL106,"Mgr. Roman Neruda, CSc.",přednáška,2022 / letní,5,35,,,,,,,,,,,,,,"1,60",,
NAIL106,"doc. Mgr. Martin Pilát, Ph.D.",cvičení,2013 / letní,19,22,"1,58","1,84","1,32","1,26","1,68","1,00","2,68","2,37",,,,,"1,53",,,
NAIL106,"doc. Mgr. Martin Pilát, Ph.D.",cvičení,2014 / letní,10,15,"1,40","1,40","1,20","1,00","1,30",,"2,60","2,00",,,,,"1,40",,,
NAIL106,"doc. Mgr. Martin Pilát, Ph.D.",cvičení,2015 / letní,6,21,,,,,,,,,,,,,,"1,33",,
NAIL106,"doc. Mgr. Martin Pilát, Ph.D.",cvičení,2017 / letní,8,40,,,,,,,,,,,,,,"1,50",,
NAIL106,"doc. Mgr. Martin Pilát, Ph.D.",cvičení,2018 / letní,8,45,,,,,,,,,,,,,,"1,25",,
NAIL106,"doc. Mgr. Martin Pilát, Ph.D.",cvičení,2019 / letní,5,38,,,,,,,,,,,,,,"1,00",,
NAIL106,"doc. Mgr. Martin Pilát, Ph.D.",cvičení,2022 / letní,5,35,,,,,,,,,,,,,,"1,20",,
NAIL106,"doc. Mgr. Martin Pilát, Ph.D.",cvičení,2015 / letní,6,21,,,,,,,,,,,,,,,,
NAIL106,"doc. Mgr. Martin Pilát, Ph.D.",cvičení,2017 / letní,8,40,,,,,,,,,,,,,,,,
NAIL106,"doc. Mgr. Martin Pilát, Ph.D.",cvičení,2018 / letní,8,45,,,,,,,,,,,,,,,,
NAIL106,"doc. Mgr. Martin Pilát, Ph.D.",cvičení,2019 / letní,5,38,,,,,,,,,,,,,,,,
NAIL106,"doc. Mgr. Martin Pilát, Ph.D.",cvičení,2022 / letní,5,35,,,,,,,,,,,,,,,,
NAIL106,"doc. Mgr. Martin Pilát, Ph.D.",přednáška,2015 / letní,6,21,,,,,,,,,,,,,,,,
NAIL106,"doc. Mgr. Martin Pilát, Ph.D.",přednáška,2017 / letní,8,40,,,,,,,,,,,,,,,,
NAIL106,"doc. Mgr. Martin Pilát, Ph.D.",přednáška,2018 / letní,8,45,,,,,,,,,,,,,,,,
NAIL106,"doc. Mgr. Martin Pilát, Ph.D.",přednáška,2019 / letní,5,38,,,,,,,,,,,,,,,,
NAIL106,"doc. Mgr. Martin Pilát, Ph.D.",přednáška,2022 / letní,6,35,,,,,,,,,,,,,,,,
NPGR036,,cvičení,2021 / letní,6,36,,,,,,,,,,,,,,"2,17",,
NPGR036,,cvičení,2024 / letní,6,84,,,,,,,,,,,,,,"1,50",,
NPGR036,"doc. RNDr. Elena Šikudová, Ph.D.",cvičení,2021 / letní,6,36,,,,,,,,,,,,,,"2,50",,
NPGR036,"doc. RNDr. Elena Šikudová, Ph.D.",přednáška,2021 / letní,6,36,,,,,,,,,,,,,,"1,67",,
NPGR036,"doc. RNDr. Elena Šikudová, Ph.D.",přednáška,2024 / letní,10,84,,,,,,,,,,,,,,"1,80",,
NPGR036,"doc. RNDr. Elena Šikudová, Ph.D.",cvičení,2021 / letní,7,36,,,,,,,,,,,,,,,,
NPGR036,"doc. RNDr. Elena Šikudová, Ph.D.",cvičení,2024 / letní,9,84,,,,,,,,,,,,,,,,
NPGR036,"doc. RNDr. Elena Šikudová, Ph.D.",přednáška,2021 / letní,7,36,,,,,,,,,,,,,,,,
NPGR036,"doc. RNDr. Elena Šikudová, Ph.D.",přednáška,2024 / letní,10,84,,,,,,,,,,,,,,,,
NDBI048,"doc. RNDr. Irena Holubová, Ph.D.",přednáška,2024 / zimní,5,51,,,,,,,,,,,,,,"1,00",,
NDBI048,"doc. RNDr. Irena Holubová, Ph.D.",přednáška,2024 / zimní,5,51,,,,,,,,,,,,,,,,
NAIL004,"prof. RNDr. Roman Barták, Ph.D.",cvičení,2014 / zimní,5,6,"1,40","1,60","1,60","1,40","1,80",,"2,40","2,00",,,,,"2,75",,,
NAIL004,"prof. RNDr. Roman Barták, Ph.D.",cvičení,2019 / zimní,6,21,,,,,,,,,,,,,,"1,00",,
NAIL004,"prof. RNDr. Roman Barták, Ph.D.",cvičení,2023 / zimní,8,21,,,,,,,,,,,,,,"1,13",,
NAIL004,"prof. RNDr. Roman Barták, Ph.D.",cvičení,2024 / zimní,5,22,,,,,,,,,,,,,,"1,00",,
NAIL004,"doc. RNDr. Pavel Surynek, Ph.D.",cvičení,2014 / zimní,5,6,"2,00","1,40","1,40","1,20","1,80",,"2,20","2,25",,,,,"3,00",,,
NAIL004,"doc. RNDr. Pavel Surynek, Ph.D.",cvičení,2019 / zimní,6,21,,,,,,,,,,,,,,,,
NAIL004,"doc. RNDr. Pavel Surynek, Ph.D.",cvičení,2023 / zimní,8,21,,,,,,,,,,,,,,,,
NAIL004,"doc. RNDr. Pavel Surynek, Ph.D.",cvičení,2024 / zimní,5,22,,,,,,,,,,,,,,,,
NAIL052,"prof. RNDr. Roman Barták, Ph.D.",cvičení,2013 / letní,6,11,"1,17","1,67","1,17","1,00","1,33",,"3,67","2,00",,,,,"1,67",,,
NAIL052,"prof. RNDr. Roman Barták, Ph.D.",cvičení,2014 / letní,6,6,"1,33","1,00","1,50","1,00","1,17",,"1,83","2,17",,,,,"1,33",,,
NAIL052,"doc. RNDr. Pavel Surynek, Ph.D.",cvičení,2013 / letní,6,11,"1,17","1,67","1,17","1,17","1,33",,"3,67","2,00",,,,,"1,67",,,
NPFL104,"prof. RNDr. Ondřej Bojar, Ph.D.",cvičení,2015 / letní,7,17,,,,,,,,,,,,,,"2,00",,
NPFL104,"prof. RNDr. Ondřej Bojar, Ph.D.",cvičení,2017 / letní,6,25,,,,,,,,,,,,,,"1,83",,
NPFL104,"prof. RNDr. Ondřej Bojar, Ph.D.",přednáška,2017 / letní,7,25,,,,,,,,,,,,,,"1,43",,
NPFL104,"prof. Ing. Zdeněk Žabokrtský, Ph.D.",cvičení,2015 / letní,7,17,,,,,,,,,,,,,,"1,71",,
NPFL104,"prof. Ing. Zdeněk Žabokrtský, Ph.D.",cvičení,2017 / letní,6,25,,,,,,,,,,,,,,"2,50",,
NPFL104,"prof. Ing. Zdeněk Žabokrtský, Ph.D.",přednáška,2017 / letní,7,25,,,,,,,,,,,,,,"2,14",,
NPFL104,"prof. Ing. Zdeněk Žabokrtský, Ph.D.",cvičení,2015 / letní,7,17,,,,,,,,,,,,,,,,
NPFL104,"prof. Ing. Zdeněk Žabokrtský, Ph.D.",cvičení,2017 / letní,6,25,,,,,,,,,,,,,,,,
NPFL104,"prof. Ing. Zdeněk Žabokrtský, Ph.D.",přednáška,2017 / letní,7,25,,,,,,,,,,,,,,,,
NAIL087,"Mgr. Ján Antolík, Ph.D.",cvičení,2020 / zimní,6,25,,,,,,,,,,,,,,"1,17",,
NAIL087,"Mgr. Ján Antolík, Ph.D.",přednáška,2020 / zimní,6,25,,,,,,,,,,,,,,"1,00",,
NAIL087,"doc. Mgr. Cyril Brom, Ph.D.",cvičení,2013 / zimní,8,17,"2,25","2,13","2,13","1,38","2,00",,"3,00","3,00",,,,,,,,
NAIL087,"doc. Mgr. Cyril Brom, Ph.D.",cvičení,2015 / zimní,10,24,,,,,,,,,,,,,,"1,50",,
NAIL087,"doc. Mgr. Cyril Brom, Ph.D.",cvičení,2018 / zimní,8,41,,,,,,,,,,,,,,"1,88",,
NAIL087,"doc. Mgr. Cyril Brom, Ph.D.",přednáška,2010 / zimní,5,37,"1,60","1,40","1,00","1,40","1,00","1,60","2,50","1,75",,,,,,,,
NAIL087,"doc. Mgr. Cyril Brom, Ph.D.",přednáška,2011 / zimní,7,29,"1,43","2,00","1,57","1,57","1,86","1,86","2,43","2,29",,,,,,,,
NAIL087,"doc. Mgr. Cyril Brom, Ph.D.",přednáška,2013 / zimní,10,17,"1,80","1,90","1,10","1,20","1,40",,"3,20","2,30",,,,,,,,
NAIL087,"doc. Mgr. Cyril Brom, Ph.D.",přednáška,2014 / zimní,6,20,"1,50","1,67","1,33","1,33","1,67","1,00","2,60","1,83",,,,,"2,00",,,
NAIL087,"doc. Mgr. Cyril Brom, Ph.D.",přednáška,2015 / zimní,11,24,,,,,,,,,,,,,,"1,45",,
NAIL087,"doc. Mgr. Cyril Brom, Ph.D.",přednáška,2018 / zimní,11,41,,,,,,,,,,,,,,"1,64",,
NAIL087,"Mgr. et Mgr. Filip Děchtěrenko, Ph.D.",cvičení,2014 / zimní,6,20,"3,33","2,67","2,40","1,67","2,67","1,00","2,83","2,60",,,,,"2,33",,,
NAIL087,"Mgr. et Mgr. Filip Děchtěrenko, Ph.D.",cvičení,2020 / zimní,6,25,,,,,,,,,,,,,,"1,50",,
NAIL087,"Mgr. et Mgr. Filip Děchtěrenko, Ph.D.",přednáška,2020 / zimní,6,25,,,,,,,,,,,,,,"1,83",,
NAIL087,"doc. Mgr. Jiří Lukavský, Ph.D.",přednáška,2010 / zimní,5,37,"1,00","1,80","1,20","1,00","1,00","1,60","2,00","1,75",,,,,,,,
NAIL087,"doc. Mgr. Jiří Lukavský, Ph.D.",přednáška,2013 / zimní,10,17,"1,30","1,33","1,50","1,00","1,50",,"2,30","2,67",,,,,,,,
NAIL087,"doc. Mgr. Jiří Lukavský, Ph.D.",přednáška,2014 / zimní,6,20,"1,67","1,83","1,67","1,33","1,67","2,00","2,67","2,67",,,,,"2,67",,,
NAIL087,"doc. Mgr. Jiří Lukavský, Ph.D.",přednáška,2015 / zimní,10,24,,,,,,,,,,,,,,"1,60",,
NAIL087,"doc. Mgr. Jiří Lukavský, Ph.D.",přednáška,2018 / zimní,11,41,,,,,,,,,,,,,,"1,18",,
NAIL087,"doc. Mgr. Jiří Lukavský, Ph.D.",přednáška,2020 / zimní,6,25,,,,,,,,,,,,,,"1,67",,
NAIL087,"doc. Mgr. Jiří Lukavský, Ph.D.",cvičení,2015 / zimní,10,24,,,,,,,,,,,,,,,,
NAIL087,"doc. Mgr. Jiří Lukavský, Ph.D.",cvičení,2018 / zimní,10,41,,,,,,,,,,,,,,,,
NAIL087,"doc. Mgr. Jiří Lukavský, Ph.D.",přednáška,2015 / zimní,11,24,,,,,,,,,,,,,,,,
NAIL087,"doc. Mgr. Jiří Lukavský, Ph.D.",přednáška,2018 / zimní,11,41,,,,,,,,,,,,,,,,
NAIL087,"doc. Mgr. Jiří Lukavský, Ph.D.",cvičení,2020 / zimní,6,25,,,,,,,,,,,,,,,,
NAIL087,"doc. Mgr. Jiří Lukavský, Ph.D.",přednáška,2020 / zimní,6,25,,,,,,,,,,,,,,,,
NMAI165,"prof. RNDr. Jaromír Antoch, CSc.",cvičení,2018 / zimní,8,42,,,,,,,,,,,,,,"1,75",,
NMAI165,"prof. RNDr. Jaromír Antoch, CSc.",cvičení,2019 / zimní,7,34,,,,,,,,,,,,,,"1,71",,
NMAI165,"prof. RNDr. Jaromír Antoch, CSc.",cvičení,2018 / zimní,9,42,,,,,,,,,,,,,,,,
NMAI165,"prof. RNDr. Jaromír Antoch, CSc.",cvičení,2019 / zimní,7,34,,,,,,,,,,,,,,,,
NOPT046,"doc. RNDr. Libuše Grygarová, DrSc.",přednáška,2004 / zimní,7,27,"2,29","1,29","2,29","1,86","2,00","1,75","2,40","2,60",,,,,,,,
NOPT046,"doc. RNDr. Libuše Grygarová, DrSc.",přednáška,2005 / letní,6,49,"1,83","1,33","2,50","1,33","1,67","1,00","2,40","2,00",,,,,,,,
NOPT046,"doc. RNDr. Libuše Grygarová, DrSc.",přednáška,2007 / letní,5,36,"2,20","1,60","2,20","1,60","1,60","1,80","2,40","2,20",,,,,,,,
NOPT046,"prof. Mgr. Milan Hladík, Ph.D.",cvičení,2015 / letní,5,16,,,,,,,,,,,,,,"2,00",,
NOPT046,"prof. Mgr. Milan Hladík, Ph.D.",přednáška,2015 / letní,5,16,,,,,,,,,,,,,,"2,20",,
NOPT046,"RNDr. Jan Palata, CSc.",cvičení,2004 / zimní,7,27,"1,86","1,71","2,00","2,29","2,00","2,00","2,17","2,60",,,,,,,,
NOPT046,"RNDr. Jan Palata, CSc.",cvičení,2005 / letní,7,49,"1,43","1,57","2,29","2,14","1,71","1,40","2,33","2,00",,,,,,,,
NOPT046,"RNDr. Jan Palata, CSc.",cvičení,2009 / letní,6,54,"2,17","2,50","2,83","2,50","3,17","1,75","2,25","3,00",,,,,,,,
NOPT046,"doc. Hans Raj Tiwary, M.Sc., Ph.D.",cvičení,2015 / letní,5,16,,,,,,,,,,,,,,"2,60",,
NOPT046,"doc. Hans Raj Tiwary, M.Sc., Ph.D.",cvičení,2015 / letní,5,16,,,,,,,,,,,,,,,,
NOPT046,"doc. Hans Raj Tiwary, M.Sc., Ph.D.",přednáška,2015 / letní,5,16,,,,,,,,,,,,,,,,
NAIL021,"prof. RNDr. Ondřej Čepek, Ph.D.",přednáška,2013 / zimní,9,19,"1,33","1,22","2,11","1,11","1,33",,"2,67","2,56",,,,,,,,
NAIL021,"prof. RNDr. Ondřej Čepek, Ph.D.",přednáška,2014 / zimní,8,21,"1,25","1,13","1,88","1,25","1,13","2,00","3,00","2,00",,,,,"3,29",,,
NAIL021,"prof. RNDr. Ondřej Čepek, Ph.D.",přednáška,2015 / zimní,5,13,,,,,,,,,,,,,,"1,40",,
NAIL021,"prof. RNDr. Ondřej Čepek, Ph.D.",přednáška,2015 / zimní,5,13,,,,,,,,,,,,,,,,
NOPT021,"prof. RNDr. Karel Zimmermann, DrSc.",přednáška,2017 / zimní,5,12,,,,,,,,,,,,,,"2,80",,
NOPT021,"prof. RNDr. Karel Zimmermann, DrSc.",přednáška,2017 / zimní,5,12,,,,,,,,,,,,,,,,
NDBI021,"doc. Mgr. Ladislav Peška, Ph.D.",přednáška,2025 / zimní,5,30,,,,,,,,,,,,,,"1,00",,
NDBI021,"doc. Mgr. Ladislav Peška, Ph.D.",přednáška,2025 / zimní,5,30,,,,,,,,,,,,,,,,
NSWI166,"doc. Mgr. Ladislav Peška, Ph.D.",přednáška,2022 / zimní,5,15,,,,,,,,,,,,,,"1,00",,
NSWI166,"doc. Mgr. Ladislav Peška, Ph.D.",přednáška,2023 / letní,5,40,,,,,,,,,,,,,,"1,40",,
NSWI166,"doc. Mgr. Ladislav Peška, Ph.D.",přednáška,2024 / letní,5,32,,,,,,,,,,,,,,"1,20",,
NSWI166,"doc. Mgr. Ladislav Peška, Ph.D.",přednáška,2022 / zimní,5,15,,,,,,,,,,,,,,,,
NSWI166,"doc. Mgr. Ladislav Peška, Ph.D.",přednáška,2023 / letní,5,40,,,,,,,,,,,,,,,,
NSWI166,"doc. Mgr. Ladislav Peška, Ph.D.",přednáška,2024 / letní,5,32,,,,,,,,,,,,,,,,
NSWI035,"Mgr. Tomáš Faltín, Ph.D.",přednáška,2025 / zimní,6,108,,,,,,,,,,,,,,"2,17",,
NSWI035,"RNDr. Filip Zavoral, Ph.D.",přednáška,2004 / zimní,13,59,"1,69","1,85","2,54","1,92","2,00","1,60","2,57","1,86",,,,,,,,
NSWI035,"RNDr. Filip Zavoral, Ph.D.",přednáška,2006 / zimní,16,87,"2,31","1,88","2,38","1,94","1,88","1,53","2,50","2,00",,,,,,,,
NSWI035,"RNDr. Filip Zavoral, Ph.D.",přednáška,2011 / zimní,6,40,"1,67","1,67","1,67","1,17","1,33","1,00","2,60","2,40",,,,,,,,
NSWI035,"RNDr. Filip Zavoral, Ph.D.",přednáška,2013 / zimní,19,65,"1,63","1,72","2,21","1,78","1,82",,"2,94","2,69",,,,,,,,
NSWI035,"RNDr. Filip Zavoral, Ph.D.",přednáška,2014 / zimní,10,28,"1,80","1,70","2,50","1,70","2,00","1,50","3,11","2,70",,,,,"2,30",,,
NSWI035,"RNDr. Filip Zavoral, Ph.D.",přednáška,2015 / zimní,7,29,,,,,,,,,,,,,,"1,29",,
NSWI035,"RNDr. Filip Zavoral, Ph.D.",přednáška,2016 / zimní,6,17,,,,,,,,,,,,,,"2,00",,
NSWI035,"RNDr. Filip Zavoral, Ph.D.",přednáška,2017 / zimní,7,30,,,,,,,,,,,,,,"1,29",,
NSWI035,"RNDr. Filip Zavoral, Ph.D.",přednáška,2018 / zimní,8,27,,,,,,,,,,,,,,"1,50",,
NSWI035,"RNDr. Filip Zavoral, Ph.D.",přednáška,2020 / zimní,11,55,,,,,,,,,,,,,,"1,36",,
NSWI035,"RNDr. Filip Zavoral, Ph.D.",přednáška,2021 / zimní,9,63,,,,,,,,,,,,,,"1,33",,
NSWI035,"RNDr. Filip Zavoral, Ph.D.",přednáška,2024 / zimní,6,53,,,,,,,,,,,,,,"1,00",,
NSWI035,"RNDr. Filip Zavoral, Ph.D.",přednáška,2015 / zimní,7,29,,,,,,,,,,,,,,,,
NSWI035,"RNDr. Filip Zavoral, Ph.D.",přednáška,2016 / zimní,6,17,,,,,,,,,,,,,,,,
NSWI035,"RNDr. Filip Zavoral, Ph.D.",přednáška,2017 / zimní,7,30,,,,,,,,,,,,,,,,
NSWI035,"RNDr. Filip Zavoral, Ph.D.",přednáška,2018 / zimní,8,27,,,,,,,,,,,,,,,,
NSWI035,"RNDr. Filip Zavoral, Ph.D.",přednáška,2020 / zimní,11,55,,,,,,,,,,,,,,,,
NSWI035,"RNDr. Filip Zavoral, Ph.D.",přednáška,2021 / zimní,11,63,,,,,,,,,,,,,,,,
NSWI035,"RNDr. Filip Zavoral, Ph.D.",přednáška,2024 / zimní,6,53,,,,,,,,,,,,,,,,
NSWI035,"RNDr. Filip Zavoral, Ph.D.",přednáška,2025 / zimní,11,108,,,,,,,,,,,,,,,,
