kod,anotace,sylabus,podminky,literatura
NAIL069,Úvodní přednáška představující základní pojmy a metody různých oblastí umělé inteligence. Předpokládají se znalosti v rozsahu bakalářského kursu NAIL062 Výroková a predikátová logika. Představit základní pojmy a metody různých oblastí umělé inteligence.,"Inteligentní agenti, jejich prostředí a základní struktury. · Řešení úloh prohledáváním (DFS, BFS, ID, A*, IDA*, lokální a on-line prohledávaní, heuristiky). · Splňování omezujících podmínek. · Hry (minimax, alfa-beta prořezávání). · Reprezentace znalostí v logice, logické odvozovací techniky (dopředné a zpětné řetězení, rezoluční metoda). · Automatické plánování.",Pro úspěšné absolvování předmětu je potřeba složit zkoušku a získat zápočet. Udělení zápočtu není podmínkou pro přihlášení na zkoušku. Zápočet je získán za udělení dostatečného počtu bodů v průběhu semestru (konkrétní číslo stanoví cvičící na začátku semestru). Body jsou udělovány za řešení programovacích domácích úkolů. Zápočet nelze opakovat.,"S. Russell, P. Norvig: Artificial Intelligence; A Modern Approach, 2003 · V. Mařík, O. Štepánková, J. Lažanský a kol.: Umělá Inteligence, 1-6. Academia, Praha"
NTIN066,"Základní přednáška o konstrukci efektivních datových struktur. Vyhledávací stromy, hešování, struktury pro práci s řetězci. Analýza nejhoršího, amortizovaného a očekávaného chování datových struktur. Samoupravující se datové struktury. Chování datových struktur na systémech s paměťovou hierarchií. Přednáška volně navazuje na přednášky Algoritmizace, Algoritmy a datové struktury 1 a Algoritmy a datové struktury 2 z bakalářského studia. Naučit pokročilejší datové struktury včetně teoretické analýzy a experimentů s chováním na reálných počítačích.","Stromy · (a,b)-stromy · Splay stromy · BB-α stromy · Hešování · výběr hešovací funkce: univerzální hešování, k-nezávislost · lineární přidávání · kukačkové hešování · Bloomovy filtry · Práce s řetězci · Sufixové stromy · Sufixové pole · Techniky pro paměťovou hierarchii · Paralelní datové struktury · Vícerozměrné datové struktury · K-d stromy · Range trees (intervalové stromy) · Upozornění: Předmět se bude vyučovat v českém jazyce pouze v zimním semestru a v anglickém jazyce pouze v letním semestru.",Ke splnění předmětu je nutné získat zápočet a složit zkoušku. Zápočet se udílí za získání požadovaného počtu bodů za domácí úkoly řešené během semestru. Vzhledem k povaze domácích úkolů nejsou náhradní termíny zápočtu přípustné.,"D. P. Mehta, S. Sahni eds.: Handbook of Data Structures and Applications. Chapman & Hall/CRC, Computer and Information Series, 2005 · A. Koubková, V. Koubek: Datové struktury I. MATFYZPRESS, Praha 2011 · K. Mehlhorn: Data Structures and Algorithms I: Sorting and Searching. Springer-Verlag, Berlin, 1984"
NTIN090,"Přednáška seznamující se základy teorie algoritmů, efektivní vyčíslitelnosti a teorie složitosti. První část přednášky je věnována základům vyčíslitelnosti: Turingovy stroje. RAM. Rekurzivní a rekurzivně spočetné jazyky a množiny. Algoritmicky nerozhodnutelné problémy. Druhá část přednášky je věnována studiu tříd časové a prostorové složitosti: Ekvivalence PSPACE a NPSPACE. Věty o hierarchiích. Třída NP. Polynomiální převoditelnost problémů. Důkazy NP-úplnosti. Aproximační algoritmy a schémata. Naučit základy teorie složitosti a vyčíslitelnosti.","1. Turingovy stroje a jejich varianty. Churchova-Turingova teze · 2. Halting problém a další nerozhodnutelné problémy · 3. RAM a jeho ekvivalence s Turingovými stroji. Algoritmicky vyčíslitelné funkce · 4. Rozhodnutelné a částečně rozhodnutelné jazyky a jejich vlastnosti · 5. m-převoditelnost a m-úplné jazyky · 6. Riceova věta · 7. Nedeterministické Turingovy stroje, základní třídy složitosti, třídy P, NP, PSPACE, EXP · 8. Savičova věta · 9. Věty o deterministické prostorové a časové hierarchii · 10. Polynomiální převoditelnost problémů, pojmy NP-těžkosti a NP-úplnosti · 11. Cook-Levinova věta, příklady NP-úplných problémů, důkazy NP-úplnosti · 12. Třídy co-NP a #P · 13. Parametrizované algoritmy, třída FPT · 14. Hypotézy o exponenciálním čase (ETH, SETH) a podmíněné dolní odhady. · 15. Složitost a kryptografie","Ke splnění předmětu je nutné získat zápočet a následně složit zkoušku. K získání zápočtu je potřeba získat požadovaný počet bodů za domácí úkoly řešené během semestru. V případě nedostatečného počtu bodů na konci semestru je možno některé z domácích úkolů nahradit řešením doplňkových domácích úkolů. Vzhledem k povaze kontroly studia předmětu nejsou náhradní termíny zápočtu přípustné. K zapsání na zkoušku je nutné mít zápočet. Zkouška je ústní, přičemž ústní části může předcházet písemná. S ohledem na situaci může zkouška proběhnout distančně.","Stránky k předmětu (kde je možno najít prezentaci z přednášky a skripta ): http://ktiml.mff.cuni.cz/~kucerap/NTIN090 · Sipser, M. Introduction to the Theory of Computation . Vol. 2. Boston: Thomson Course Technology, 2006. · Demuth O., Kryl R., Kučera A.: Teorie algoritmů I, II . SPN, 1984, 1989 · Soare R.I.: Recursively enumerable sets and degrees . Springer-Verlag, 1987 · Odifreddi P.: Classical recursion theory , North-Holland, 1989 · Garey, Johnson. Computers and intractability - a guide to the theory of NP-completeness , W.H. Freeman 1978 · Arora S., Barak B.: Computational Complexity: A Modern Approach . Cambridge University Press 2009 ( Draft ke stažení online )."
NAIL070,"Přednáška se zabývá způsoby práce s nejistotou v umělé inteligenci a základními metodami strojového učení. Předpokládají se znalosti v rozsahu bakalářského kursu NMAI059 Pravděpodobnost a statistika. Naučit vybrané obecně aplikovatelné techniky umělé inteligence: zpracování neurčitosti, racionální rozhodování a strojové učení.","Práce s neurčitostí: pravděpodobnostní metody, Bayesovské sítě, Markovské modely. · Racionální rozhodování: teorie užitku, Markovské rozhodovací procesy, rozhodování v prostředí s více agenty, (inverzní) teorie her. · Strojové učení: učení s učitelem, rozhodovací stromy, regrese, SVM, boosting; prohledávání prostoru hypotéz; učení pravděpodobnostních modelů, EM algoritmus; zpětnovazební učení.","Předmět je zakončen ústní zkouškou, která může být ve výjimečných případech distanční.","S. Russell, P. Norvig: Artificial Intelligence; A Modern Approach, 2003 · V. Mařík, O. Štepánková, J. Lažanský a kol.: Umělá Inteligence, 1-6. Academia, Praha"
NSZZ023,"Pro studenty všech studijních programů navazujícího magisterského studia. Náplň tohoto předmětu je určována vedoucím diplomové práce, typicky se odehrává fomou konzultací mezi vedoucím a studentem a kredity za splnění tohoto předmětu uděluje také vedoucí práce, který si stanoví i kritéria, za jakých podmínek je udělí.",,O podmínkách udělení zápočtu rozhoduje vedoucí diplomové práce.,
NSZZ024,"Pro studenty všech studijních programů navazujícího magisterského studia. Náplň tohoto předmětu je určována vedoucím diplomové práce, typicky se odehrává fomou konzultací mezi vedoucím a studentem a kredity za splnění tohoto předmětu uděluje také vedoucí práce, který si stanoví i kritéria, za jakých podmínek je udělí.",,O podmínkách udělení zápočtu rozhoduje vedoucí diplomové práce.,
NSZZ025,"Pro studenty všech studijních programů navazujícího magisterského studia. Náplň tohoto předmětu je určována vedoucím diplomové práce, typicky se odehrává fomou konzultací mezi vedoucím a studentem a kredity za splnění tohoto předmětu uděluje také vedoucí práce, který si stanoví i kritéria, za jakých podmínek je udělí.",,O podmínkách udělení zápočtu rozhoduje vedoucí diplomové práce.,
NAIL002,"Teorie neuronových sítí (NS) je motivována poznatky o CNS (centrální nervové soustavě) a odvozuje z nich matematické modely, které mají (přes velké zjednodušení skutečných neurofyziologických dějů v CNS) některé rysy přirozené inteligence. Ty jsou pak využívány k návrhům netradičních výpočetních postupů při řešení řady praktických úloh. Naučit teorii, algoritmy a metody používané pro různé modely neuronových sítí.","1. Úvod do problematiky umělých neuronových sítí · Biologický neuron a neuronové sítě, přenos signálu v axonu a synapsích, zpracování informací v neuronech, hlavní části mozku. · Historie a základní principy umělých neuronových sítí. · Adaptace a učení, formální zápis vzorů. · Výběr a uspořádání příznaků, výběr a uspořádání trénovacích vzorů. · 2. První modely umělých neuronových sítí · Formální neuron, váhy, potenciál, přenosová funkce. · Základní typy umělých neuronových sítí. · Konekcionalismus, učení a rozpoznávání, učení s učitelem a samoorganizace, extrakce znalostí, generalizace a robustnost. · Perceptron a lineární separabilita, dělicí nadrovina. Perceptronový algoritmus učení a jeho konvergence, přihrádkový algoritmus. · 3. Dopředné sítě a algoritmus zpětného šíření · Algoritmus zpětného šíření - odvození adaptačních pravidel. Trénovací, testovací a validační množina, různé strategie učení. · Interní reprezentace znalostí, generalizace, over-fitting and over-sizing, Vapnik-Chervonenkisova dimenze. · Kolmogorovova věta, aproximace funkcí, složitost problému učení. · Oblasti a principy použití dopředných sítí perceptronového typu. · 4. Asociativní sítě · Umělé neuronové sítě se zpětnou vazbou, Hebbovské učení, kapacita paměti, atraktory, energetická funkce a konvergence ke stabilním stavům. · Asociativní paměti, bidirektivní asociativní paměť (BAM), Hopfieldův model, spojitý Hopfieldův model, simulované žíhání, Boltzmannův stroj. · Použití Hopfieldovy sítě k hledání suboptimálních řešení NP-úplných problémů. · 5. Samoorganizace a hybridní modely · Posilované učení bez učitele - Ojův algoritmus učení pro PCA. · Kohonenovy samoorganizační mapy a algoritmy pro jejich učení, laterální inhibice, topologické okolí. · Algoritmus vstřícného šíření (Counter-propagation), RBF-sítě, adaptivní rezonance (ART). · Kaskádová korelace a modulární neuronové sítě - sítě lokálních expertů. · 6. Genetické algoritmy · Formulace optimalizačního problému, populace jedinců, základní genetické operátory - selekce, křížení, mutace. · Cílová funkce (fitness function). Analýza konvergence - věta o schematech. · Aplikace genetických algoritmů v oblasti umělých neuronových sítí.","A) Cvičení V doprovodném Moodle-kurzu budou postupně zveřejňované úkoly a testy . Úkoly: Každý úkol má stanovené datum odevzdání . Řešení lze do systému vkládat postupně a průběžně ho upravovat. Časem odevzdání je čas kliknutí na tlačítko "" Odevzdat úkol "". Po kliknutí na toto tlačítko řešení už nelze opravovat, ale lze zažádat e-mailem učitele o vrácení do stavu rozpracování. Každý úkol bude učitelem oznámkován přidělením 0–10 bodů. Za celý semestr budou zadány 3 úkoly. Typické řešení úkolu bude sestávat z textu – popisu řešení – a kódu v Pythonu použitého na vyřešení úkolu. Oboje, text i kód lze odevzdat ve formě Jupyterovského notebooku. Alternativně můžete texty odevzdat ve formátu PDF a kódy jako jednoduché ASCII soubory. Upozornění: V případě, že bude zjištěno, že N ≥2 posluchačů odevzdalo řešení, která se nápadně podobají nebo jsou zcela totožné, budou všechna tato řešení považována za jedno řešení. Toto řešení bude ohodnoceno B body podle jeho kvality, ale každý z těchto N řešitelů získá pouze dolní celou část z B / N bodů. Testy: Kromě úkolů, budou postupně zveřejňovány on-line testy . Za první tzv. vstupní test lze získat maximálně 10 bodů. V průběhu semestru můžete získat 20 bodů za čtyři kratší testy. Každý test bude mít stanovené datum, do kterého musí být vyřešen. Řešit test po tomto datu nebude možné . Pro získání zápočtu je nutné: Vypracovat řešení všech úkolů a za řešení každého úkolu získal alespoň 1 bod. POZOR: za pozdní odevzdání úkolu se strhává 1 bod za každý započatý týden po termínu odevzdání! Vypracovat a přednést řešení projektu na jednom z posledních cvičení nebo v termínu prezentací v zkouškovém období (jeho datum a čas bude dohodnutý na cvičení v posledním týdnu semestru). Témata projektů budou dohodnuté přibližně v půlce semestru na cvičení. Prezentace a odevzdané řešení budou taktéž ohodnoceny dohromady 0–15 body. Řešení on-line testů není nutnou podmínkou pro získání zápočtu. Na cvičeních lze získat dodatečné body za předvedení řešení úkolu zadaného na cvičení — 1 bod, za předvedení řešení úkolu zadaného a odevzdaného v Moodlu (po termínu odevzdání) — dolní celá část poloviny bodů, které budou přiděleny za odevzdané řešení. Bez dodatečných bodů tak lze za celý semestr získat až 75 bodů. Body získané za celý semestr budou zkoušejícím započítány do celkové známky za předmět tak, aby tvořily 35% výsledného bodového hodnocení, ze kterého bude odvozena známka při zkoušce. I když student získá z cvičení více než 75 bodů (po započítání dodatečných bodů), tak tyto budou započítány pouze jako 35% do hodnocení zkoušky. Získání zápočtu vyžaduje průběžnou práci přes celý semestr, a proto žádné náhradní termíny pro získání zápočtu nebudou vypsány . B) Přednáška Přednáška se koná dvakrát týdně podle rozvrhu. Jak už bylo zmíněno výše, body získané z cvičení budou započítány s vahou 35% do celkového hodnocení posluchače. Dále se budou v rámci cvičení psát dva online testy. Dny konání testů budou vypsány na začátku semestru a budou zveřejněné v doprovodném Moodle kurzu. Každý z testů přispěje 10% k celkovému hodnocení. Samotná zkouška na konci semestru se započítává 45% do výsledného hodnocení. Posluchač získá známku na základě celkového hodnocení podle následující tabulky známka 1 známka 2 známka 3 nevyhověl 100%–86% 85%–71% 70%–56% méně než 56%","Abu-Mostafa Y. S., Magdon-Ismail M., Lin H.-T.: Learning From Data: A Short Course, AMLbook.com, 2012 · Goldberg D. E.: Genetic Algorithms in Search, Optimization and Machine Learning, Addison-Wesley, Reading, Mass. 1989 · Haykin S.: Neural Networks and Learning Machines, 3rd Edition, Pearson, 2009 · Kohonen T.: Self-Organizing Maps, Springer-Verlag, 1995 · Rojas R.: Neural Networks: A Systematic Introduction, Springer-Verlag, Berlin, 1996 · Šíma J. and Neruda R.: Teoretické otázky neuronových sítí, Matfyz Press, Praha, 1997"
NAIL060,"Metody a techniky implementace základních modelů neuronových sítí. Backpropagation. Zvyšování efektivity modelů, příbuzné a odvozené modely. Volba modelu, topologie a velikosti sítě. Adaptivní strategie optimalizace sítí. Cvičení je zaměřeno na praktické realizace vybraných aplikací. Naučit další metody a techniky implementace základních modelů neuronových sítí","Metody a techniky implementace základních modelů neuronových sítí. Backpropagation. Zvyšování efektivity modelů, příbuzné a odvozené modely. Volba modelu, topologie a velikosti sítě. Adaptivní strategie optimalizace sítí. Cvičení je zaměřeno na praktické realizace vybraných aplikací.","Podmínkou pro udělení zápočtu je úspěšná prezentace fungujících programů pro úlohy, které jsou v předmětu probírány. Tyto programy musí být vlastním dílem studenta s případným využitím vhodných frameworků, jejichž použití podléhá schválení vyučujícím. Nedílnou součástí zápočtu je i dostatečná účast na semináři, kde probíhá rozbor úloh a průběžná diskuze.","Beale R.: Neural Computing - An Introduction. Adam Hilger, Bristol, 1990 · Goles E.: Lyapunov functions associated to automata networks, in Automata networks in computer science, Princeton University Press, 1987 · Tank D., Hopfield J.: Simple ""Neural"" Optimization Networks, IEEE TCS CAS-33, pp.533-541, 1986"
NAIL013,"Přednáška je zaměřena na hlubší pochopení vlastností a funkcí vybraných modelů neuronových sítí - robustnost, generalizační schopnosti ap. Detailněji jsou vysvětleny některé principy použití umělých neuronových sítí při řešení praktických úloh - zpracování mluvené řeči, obrazové informace, robotika atd. Rozebrat a naučit aplikace neuronových sítí","1. Úvod do problematiky adaptivních a učících se systémů · Adaptace a učení, formální popis předmětů, výběr a uspořádání příznaků, výběr a uspořádání učebních vzorů. · Metody minimalizace kritéria ztrát (Bayesovo rozhodovací pravidlo, rozhodovací pravidlo podle nejbližšího souseda, shluková analýza). · Použití klasických učících se klasifikátorů (rozpoznávání obrazu, řeči, použití učících se klasifikátorů v řízení). · 2. Umělé neuronové sítě a jejich použití · Rekapitulace vybraných paradigmat NS (vrstevnaté neuronové sítě typu zpětného šíření, Hopfieldovy sítě, Kohonenovy mapy, hluboké neuronové sítě). · Aplikace umělých neuronových sítí - mj. při rozpoznávání mluvené řeči, modelování finančních systémů, zpracování multimediálních dat, v robotice a při predikci časových řad. · 3. Použití genetických algoritmů v oblasti neuronových sítí · Aplikace neuronových sítí typu zpětného šíření při formulaci a vyhodnocování cílové funkce genetických algoritmů. · Optimalizace architektury neuronových sítí pomocí genetických algoritmů.","V doprovodném Moodle-kurzu bude zveřejněn (jeden) projektový úkol, jeho harmonogram i hodnocení . Každá z fází řešení úkolu bude mít stanovené datum odevzdání . Pozdní odevzdání každého z dílčích řešení bude penalizováno snížením celkového hodnocení o 1% za každý započatý týden zpoždění. Vyřešený úkol přispěje k výslednému hodnocení 55%. Samotná zkouška na konci semestru se započítává 45% do výsledného hodnocení. Posluchač získá známku na základě celkového hodnocení podle následující tabulky známka 1 známka 2 známka 3 nevyhověl 100%–86% 85%–71% 70%–56% méně než 56%","Abu-Mostafa Y. S., Magdon-Ismail M., Lin H.-T.: Learning From Data: A Short Course, AMLbook.com, 2012 · Goldberg D.E.: Genetic Algorithms in Search, Optimization, and Machine Learning. Addison Wesley, 1990 · Haykin S.: Neural Networks and Learning Machines, 3rd Edition, Pearson, 2009 · Kotek Z. a kol.: Adaptivní a učící se systémy. SNTL 1980 · Kosko B.: Neural Networks for Signal Processing. Prentice Hall, 1992"
NAIL029,"Přednáška představuje oblast strojového učení, které se v současné době intenzivně rozvíjí v úzké souvislosti s umělou inteligencí. Podává přehled základních typů strojového učení, hlavních problémů a metod a uvádí některé typické algoritmy. Naučit teorii, metody a algoritmy používané ve strojovém učení.","Snaha je nahlížet probírané modely jako používané algoritmy i z pohledu statistiků (viz první kniha Literatury). · Lineární regrese a učení založené na instancích jakožto extrémy v prostoru možných modelů, · příklad expanze bazických funkcí a regularizace (např. vyhlazené splajny), · logistická regrese, zobecněné lineární modely, · ohodnocování modelů (odhad chyby a interval spolehlivosti, krosvalidace, one-leave-out), · rozhodovací stromy, prořezávání, chybějící hodnoty, · kombinace modelů (AdaBoost, random forest), · bayesovské učení, EM algoritmus, · učení bez učitele - nákupní košík (Apriori alg.), klastrování k-means, k-medoids, hierarchické, · induktivní logické programování, · pravděpodobnostní přístupy; neorientované grafické modely, gaussovské procesy a bayesovská optimalizace.",Pro úspěšné absolvování je třeba složit ústní zkoušku z témat obsažených v sylabu v rozsahu předneseném na přednášce. Část zkoušek může konat distanční formou. Závisí to na vývoji aktuální situace a o jakékoli změně budete včas informováni.,"T. Hastie, R. Tibshirani, J. Friedman: The Elements of Statistical Learning, Springer 2009 · G. James, D. Witten, T. Hastie, R. Tibshirani: An Introduction to Statistical learning with Applications in R, Springer, 2014 · S.J. Russell, P. Norvig: Artificial Intelligence: A Modern Approach; Prentice Hall, 1995 · C. E. Rasmussen & C. K. I. Williams, Gaussian Processes for Machine Learning, the MIT Press, 2006 · A. Cropper and S. Dumancic. Inductive logic programming at 30: a new introduction. CoRR, abs/2008.07912, 2020."
NPFL147,Cílem je seznámit posluchače se základními pojmy z počítačové lingvistiky a se základy pravděpodobnostních a statistických metod pro jazykové modelování.,"1. Úvod, pravděpodobnost, základy teorie informace · 2. Statistické jazykové modelování (n-gram) · 3. Statistické vlastnosti slov · 4. Vektorové reprezentace slov (word embeddings) · 5. Skryté Markovovy modely, značkování (tagging)","K absolvování předmětu je zapotřebí zápočet i zkouška. Zápočet bude udělen po splnění domácích úkolů. Na domácí úkoly jsou k dispozici celkem dva opravné pokusy, v každém z nich lze opravit jeden nebo více úkolů najednou. Výsledná známka bude záviset na výsledcích zkoušky a řešení domácích úkolů. Zkouška je písemnou formou a je dovoleno mít k ruce učebnici nebo kopie slajdů k přednášce nebo používat internet. Pro určení výsledné známky je váha zkoušky stejná jako váha jednoho domácího úkolu.","Jurafsky, D. and J. Martin: Speech and Language Processing. Prentice Hall. 3rd edition, 2025. · Cover, T. M. and J. A. Thomas: Elements of Information Theory. Wiley. 1991. ISBN 0-471-06259-6. · Manning, C. D. and H. Schütze: Foundations of Statistical Natural Language Processing. The MIT Press. 1999. ISBN 0-262-13360-1."
NAIL025,"Evoluční modely, programování, strategie, Genetické algoritmy a programování. Klasifikační systémy, adaptivní chování. Celulární automaty. Řešení kombinatorických problémů. Naučit základní techniky používané v evolučních algoritmech. Ukázat souvislosti s příbuznými oblastmi dataminingu a učení.","Modely evoluce - základní přístupy a pojmy. Populace, rekombinace. Ohodnocení úspěšnosti individua. · Genetické algoritmy. Zakódování řešené problému do chromozómu. Základní genetické operace, selekce, křížení, mutace. · Selekce - simulace přirozeného výběru. Účelová funkce. Dynamická vs. statická selekce, mechanismus rulety, turnaje, elitářství. · Reprezentační schemata, vlastnosti, věta o schematech. Hypotéza o stavebních blocích. Věta o implicitním paralelismu. · Pravděpodobnostní modely jednoduchého genetického algoritmu, konečná a nekonečná velikost populace. · Strojové učení a datokopectví. Evoluce expertních systémů, vnitřní reprezentace, Michiganský vs. Pittsburgský přístup. · Klasifikační systémy. Učení pravidel ""if-then"", makléřský algoritmus, Q-učení, produkční systémy.",Podmínkou pro zakončení předmětu je získání zápočtu a složení zkoušky. Zápočet je udělen za vypracování úkolů na cvičení. Povaha kontroly získání zápočtu vylučuje možnost jejího opakování.,"Mitchell, M.: Introduction to genetic algorithms. MIT Press, 1996. · Goldberg, D.: Genetic algorithms in search optimization and machine learning, Addison-Wesley, 1989. · Holland, J.: Adaptation in natural and artificial systems, MIT Press, 1992 (2nd ed). · Holland, J.: Hidden order, Addison-Wesley, 1995."
NAIL107,"Tradiční informatické postupy a algoritmy selhávají při řešení složitých biologických problémů. Při zpracování ohromného množství biologických dat se však dají využít metody strojového učení. Cílem přednášky je představit několik oblastí využití strojového učení při zpracování biologických dat. Přednáška předpokládá znalost základů bioinformatiky, které lze získat z přednášky Bioinformatické algoritmy NTIN084, nebo z podobných přednášek na jiných školách.","1. Předzpracování dat. · 2. Jak porovnávat algoritmy učení. · 3. Metody učení s učitelem: klasifikace (rozhodovací stromy, Bayesovké klasifikátory, logistická regrese, diskriminační analýza, metoda nejbližších sousedů, Support vector machines, neuronově sítě, kombinování klasifikátorů - boosting) a její aplikace v genomice, proteomice a systémové biologii. · 4. Metody učení bez učitele: shluková analýza (klastrování dělením, k-means, hierarchické klastrování, validace klastrování) a jeji aplikace v bioinformatice. · 5. Pravděpodobnostní grafické modely (Bayesovské sítě, Gaussovské sítě) a jejich aplikace (v genomice a systémové biologii). · 6. Optimalizace a její aplikace v bioinformatice. · Přednáška je doplněná cvičením, kde se budou metody z přednášky aplikovat na umělá ale i na reálná biologická data. Při implementaci se bude používat především interaktivní programovací jazyk Python s knihovnami pro strojové učení a práci s biologickými daty.","A) Cvičení V doprovodném Moodle-kurzu se budou postupně objevovat úkoly a testy . Úkoly: Každý úkol má stanovené datum odevzdání . Každý úkol bude učitelem oznámkován přidělením 0-10 bodů. Za celý semestr budou zadány 2 úkoly. Typické řešení úkolu bude Jupyter notebook. Upozornění: V případě, že bude zjištěno, že N ≥2 posluchačů odevzdalo řešení, která se nápadně podobají nebo jsou zcela totožné, budou všechna tato řešení považována za jedno řešení. Toto řešení bude ohodnoceno B body podle jeho kvality, ale každý z těchto N řešitelů získá pouze dolní celou část z B / N bodů. Testy: Kromě úkolů, budou postupně zveřejňovány on-line testy . Za každý test lze získat maximálně 5 bodů. Za celý semestr budou zadány 2 on-line testy. Každý test bude mít stanovené datum, do kterého musí být vyřešen. Řešit test po tomto datu nebude možné . Pro získání zápočtu je nutné: Vypracovat řešení všech úkolů a za řešení každého úkolu získal alespoň 1 bod. POZOR: za pozdní odevzdání úkolu se strhává 1 bod za každý započatý týden po termínu odevzdání! Vypracovat a přednést řešení projektu na jednom z posledních cvičení nebo v termínu prezentací v zkouškovém období (jeho datum a čas bude dohodnutý na cvičení v posledním týdnu semestru). Témata projektů budou dohodnuté přibližně v půlce semestru na cvičení. Prezentace a odevzdané řešení budou taktéž ohodnoceny dohromady 0-15 body. Mezi výše uvedenými podmínkami nejsou uvedeny on-line testy. Na cvičeních lze získat dodatečné body za předvedení řešení úkolu zadaného na cvičení - 1 bod, za předvedení řešení úkolu zadaného a odevzdaného v Moodlu (po termíně odevzdání) - dolní celá část poloviny bodů, které budou přiděleny za odevzdané řešení. Body získané za celý semestr budou zkoušejícím započítány do celkové známky za předmět tak, aby tvořily 40% výsledného bodového hodnocení, ze kterého bude odvozena známka při zkoušce. Získání zápočtu vyžaduje průběžnou práci přes celý semestr, a proto žádné náhradní termíny pro získání zápočtu nebudou vypsány. B) Přednáška Jak už bylo zmíněno výše, body získané z cvičení budou započítány s vahou 40% do celkového hodnocení posluchače. Samotná zkouška na konci semestru se započítá 60% do výsledného hodnocení. Posluchač získá známku na základě celkového hodnocení podle následující tabulky známka 1 známka 2 známka 3 nevyhověl 100%–86% 85%–71% 70%–56% méně než 56%","[1] Mitchell, T.: Machine Learning, McGraw Hill, 1997. · [2] Kinser, J.: Python for bioinformatics, Jones and Bartlett Publishers, Sudbury, Massachusetts, 2009 · [3] Inza, I., Calvo, B., Armañanzas, R., Bengoetxea, E., Larrañaga, P., Lozano, J.A.: Machine learning: an indispensable tool in bioinformatics. Methods Mol Biol. 2010;593:25-48. · [4] Yang, Z. R.: Machine learning approaches to bioinformatics. Science, Engineering, and Biology Informatics - Vol. 4. World scientific, 2010 · [5] Zhang, Y., Rajapakse, J. C.: Machine learning in bioinformatics. Wiley series on bioinformatics, Wiley, Hoboken, N.J., 2009 · [6] Alpaydin, E.: Introduction to machine learning. 3rd ed., The MIT Press, 2014"
NDBI023,"Obrovské množství zpracovávaných a uchovávaných dat vede ke snaze ""přeložit"" tyto údaje do smysluplné informace - dobývání znalostí. Cílem přednášky je seznámit studenty se základními pojmy a technikami používanými v oblasti dobývání znalostí. Součástí kurzu bude i jednoduchý projekt s využitím metod pro dobývání znalostí v praxi, především v oblasti ekonomie a WWW, ale i dalších. Předpokládá se předchozí zvládnutí základních matematických dovedností a programování na úrovni běžného bakalářského studia informatiky. Pochopit základní principy metod dobývání znalostí z dat a naučit se využívat tyto metody pro řešení úloh z praxe.","Úvod do problematiky dobývání znalostí · Motivace a význam dobývání znalostí v praxi, přehled základních úloh z oblasti dobývání znalostí. Metodiky pro řešení úloh z oblasti dobývání znalostí. · Základní principy strojového učení – učení s učitelem, samoorganizace, částečně řízené učení (semi-supervised learning), trénovací, testovací a validační množina, generalizace a přeučení, Occamova břitva. · Základní paradigmata procesu dobývání znalostí · Pořizování, příprava a předzpracování dat – vzorkování, variabilita a věrohodnost, diskretizace numerických atributů a zpracování nenumerických proměnných, náhrada chybějících a prázdných hodnot, řadové proměnné. · Transformace, redukce a čištění dat – vztahy mezi veličinami (odhad vzájemné podobnosti vzorů, testování hypotéz, korelační, regresní, diskriminační a shluková analýza), redukce dimenzionality. · Vyhodnocování získaných výsledků – křížová validace, celková správnost, matice záměn, křivka učení, křivka navýšení a křivka ROC, kombinování modelů (bagging, boosting). · Metody pro dobývání asociačních pravidel · Analýza nákupního košíku – časté položky, asociační pravidla, jejich formulace a základní charakteristiky. · Generování kombinací – algoritmus apriori, techniky ""nárůstu častých vzorů"" (FP-Growth a TD-FP-Growth), kombinační analýza dat. · Vyhledávání zajímavých pravidel pomocí omezeného dobývání (specifikace časových údajů, položek ap.). · Metody pro klastrovou analýzu · k-means algoritmus, volba vhodné metriky, vyhodnocení výsledků (klastrová validita), reprezentace a vizualizace detekovaných klastrů. · Klastrování založené na principu fuzzy množin (FCM-algoritmus), neuronový přístup a hierarchické klastrování. · Pokročilé přístupy & škálovatelné techniky (CLARANS, BIRCH, CURE), analýza odlehlých vzorů · Metody pro klasifikaci a predikci dat · Rozhodovací stromy a jejich indukce – algoritmy ID3, C4.5, CART a CHAID. · Pravděpodobnostní klasifikátory – Bayesovské modely a techniky pro jejich učení a inferenci. · Přírodou inspirované modely – umělé neuronové sítě perceptronového typu, SVM-stroje, ELM-sítě, genetické algoritmy.","A) Cvičení V doprovodném Moodle-kurzu budou postupně zveřejňované: domácí úkol a kvízy . Domácí úkol student odevzdá ve formě Jupyter notebooku. Úkol bude mít stanovené datum odevzdání . Časem odevzdání je čas kliknutí na tlačítko "" Odevzdat úkol "". Po kliknutí na toto tlačítko řešení už nelze opravovat, ale lze zažádat e-mailem učitele o vrácení do stavu rozpracování. Úkol bude učitelem oznámkován přidělením 0-10 bodů. Upozornění: Pokud bude zjištěno, že N ≥2 posluchačů odevzdalo řešení, která se nápadně podobají nebo jsou zcela totožná, budou všechna tato řešení považována za jedno řešení. Toto řešení bude ohodnoceno B body podle jeho kvality, ale každý z jeho N řešitelů získá pouze dolní celou část z B / N bodů. Během semestru budou postupně zveřejňovány on-line kvízy , za které bude možné získat dohromady maximálně 25 bodů. Každý kvíz bude mít stanovené datum, do kterého musí být vyřešen. Řešit kvíz po tomto datu nebude možné . Pro získání zápočtu je nutné: Vypracovat řešení úkolu. POZOR: za pozdní odevzdání úkolu se strhává 1 bod za každý započatý týden po termínu odevzdání! Vypracovat a přednést řešení projektu na jednom z posledních cvičení nebo v termínu prezentací ve zkouškovém období (jeho datum a čas bude dohodnutý na cvičení v posledním týdnu semestru). Témata projektů budou dohodnuta přibližně v půlce semestru na cvičení. Prezentace a odevzdaná řešení budou taktéž ohodnoceny dohromady 0-15 body. Na cvičeních lze získat dodatečné body, např. 1 bod za předvedení řešení úlohy zadané na cvičení. Bez dodatečných bodů tak lze za celý semestr získat až 50 bodů. Body získané za celý semestr budou zkoušejícím započítány do celkové známky za předmět tak, aby tvořily 40% výsledného bodového hodnocení, ze kterého bude odvozena známka při zkoušce. I když student získá z cvičení více než 50 bodů (po započítání dodatečných bodů), tyto budou započítány pouze jako 40% do hodnocení zkoušky. Získání zápočtu vyžaduje průběžnou práci přes celý semestr, a proto žádné náhradní termíny pro získání zápočtu nebudou vypsány. B) Přednáška Přednáška se koná jednou týdně podle rozvrhu. Jak už bylo zmíněno výše, body získané z cvičení budou započítány s vahou 40% do celkového hodnocení posluchače. Dále bude na přednášce dohodnuto datum konání on-line testu, který proběhne v rámci cvičení. Datum konání testu bude zveřejněno v doprovodném Moodle kurzu. Tento test přispěje 15% k celkovému hodnocení. Samotná zkouška na konci semestru se započítává 45% do výsledného hodnocení. Posluchač získá známku na základě celkového hodnocení podle následující tabulky známka 1 známka 2 známka 3 nevyhověl 100%–86% 85%–71% 70%–56% méně než 56%","Aggarwal C. C.: Data Mining: The Textbook, Springer, 2015 · Berka P.: Dobývání znalostí z databází, Academia, 2003 · Liu B.: Web Data Mining, Springer, 2007 · Murphy K. P.: Machine Learning: A Probabilistic Perspective, The MIT Press, 2012"
NAIL116,"Koncept sociálních sítí se používá pro modelování vzájemných vztahů mezi lidmi (ale i jinými objekty jako např. chemickými sloučeninami). Zajímavé problémy sahají od hledání důležitých strukturálních vzorů, které ovlivňují vzájemnou interakci jednotlivých aktérů v síti, přes analýzu sentimentu, která studuje názory, emoce a postoje lidí, až po analýzu a vývoj struktury sociální sítě samotné. Současné trendy směřují spíše k internetovým sociálním sítím, jako jsou např. Facebook, LinkedIn a MySpace. Ty totiž podporují mimořádně snadný sběr dat použitelných pro nejrůznější aplikace. Přednáška má spíše přehledový charakter a jejím hlavním cílem je seznámit studenty se základními pojmy a algoritmy používanými v oblasti sociálních sítí. Součástí přednášky/cvičení bude návrh jednoduché aplikace umožňující hlubší pochopení problematiky sociálních sítí a přístupů vhodných pro jejich analýzu. Předpokládají se znalosti v rozsahu bakalářského kurzu NDBI025 Databázové systémy a zvládnutí jazyka Python alespoň na úrovni úvodního kurzu programování pro 1. ročník bakalářského studia. Předmět je přednášen (pouze) v angličtině.","Úvod do problematiky: Vyhledávání informací, prohledávání webu, analýza sociálních sítí · Aktuální výzkum v oblasti sociálních sítí a směr dalšího vývoje · Základní paradigmata pro analýzu sociálních sítí: Popis dat a modelů, předzpracování textu a webových stránek, modely pro grafová data, vlastnosti statických a dynamických grafů · Izomorfizmus podgrafů, problém největšího společného podgrafu · Zjišťování shody a výpočet vzdálenosti na grafech · Topologické deskriptory · Časté transformace založené na znalosti (pod)struktury a dobývání znalostí z grafů · Klastrování a klasifikace grafů · Techniky pro dobývání znalostí z webu: Web crawling a vyhledávání zdrojů · Indexování a zpracování dotazu ve vyhledávačích, ovlivňování výsledků vyhledávání · Řadicí algoritmy: PageRank a HITS · Doporučovací systémy: metody založené na obsahu, kolaborativní filtrování, grafové metody, klastrovací metody, modely založené na LSI · Dobývání znalostí o využívání webu: sběr dat a jejich předzpracování, zjišťování a analýza poznatků o způsobu využívání webu · Přístupy pro analýzu sociálních sítí: Úvod a základní vlastnosti, míry pro centralitu a prestiž · Vyhledávání komunit: algoritmus Kernighan-Lina a jeho analýza, klastrovací algoritmy, prolínající se komunity · Klasifikace uzlů a šíření jejich vlastností, analýza sociálního vlivu, detekce expertů v sociálních sítích · Evoluce a predikce linků v sociálních sítích · Aplikace: Analýza sentimentu · Zjišťování názoru: zjišťování názoru na základě příznaků a sumarizace, vyhledávání a spamování názorů · Dobývání znalostí z dat, textu a multimedií na sociálních sítích · Reklama na webu","A) Cvičení V doprovodném Moodle-kurzu bude postupně zveřejněn úkol a testy . Úkol: Úkol má stanovené datum odevzdání . Řešení lze do systému vkládat postupně a průběžně ho upravovat. Časem odevzdání je čas kliknutí na tlačítko ""Odevzdat úkol"". Po kliknutí na toto tlačítko řešení už nelze opravovat, ale lze zažádat e-mailem učitele o vrácení do stavu rozpracovaný. Každý úkol bude učitelem oznámkován přidělením 0–10 bodů. Za celý semestr bude zadán 1 úkol ve formě Jupyterovského notebooku Typické řešení úkolu bude sestávat z textu — popisu řešení — a kódu v Pythonu použitého na vyřešení úkolu. Oboje, text i kód lze odevzdat ve formě Jupyterovského notebooku. Alternativně můžete texty odevzdat ve formátu PDF a kódy jako jednoduché ASCII soubory. Upozornění: V případě, že bude zjištěno, že N ≥2 posluchačů odevzdalo řešení, která se nápadně podobají nebo jsou zcela totožná, budou všechna tato řešení považována za jedno řešení. Toto řešení bude ohodnoceno B body podle jeho kvality, ale každý z těchto N řešitelů získá pouze dolní celou část z B/N bodů. Testy: Kromě úkolů, budou postupně zveřejněny 2 on-line testy , za které bude možné získat dohromady maximálně 10 bodů. Každý test bude mít stanovené datum, do kterého musí být vyřešen. Řešit test po tomto datu nebude možné . Pro získání zápočtu je nutné: Vypracovat řešení úkolu a za řešení získal alespoň 1 bod. POZOR: za pozdní odevzdání úkolu se strhává 1 bod za každý započatý týden po termínu odevzdání! Vypracovat a přednést řešení projektu na jednom z posledních cvičení nebo v termínu prezentací v zkouškovém období (jeho datum a čas bude dohodnutý na cvičení v posledním týdnu semestru). Témata projektů budou dohodnutá přibližně v půlce semestru na cvičení. Prezentace a odevzdané řešení budou taktéž ohodnoceny dohromady 0–15 body. Řešení on-line testů není nutnou podmínkou pro získání zápočtu. Na cvičeních lze získat dodatečné body za předvedení řešení úkolu zadaného na cvičení — 1 bod, za předvedení řešení úkolu zadaného a odevzdaného v Moodlu (po termínu odevzdání) — dolní celá část poloviny bodů, které budou přiděleny za odevzdané řešení. Bez dodatečných bodů tak lze za celý semestr získat až 35 bodů. Body získané za celý semestr budou zkoušejícím započítány do celkové známky za předmět tak, aby tvořily 40% výsledného bodového hodnocení, ze kterého bude odvozena známka při zkoušce. I když student získá z cvičení více než 35 bodů (po započítání dodatečných bodů), tak tyto budou započítány pouze jako 40% do hodnocení zkoušky. Získání zápočtu vyžaduje průběžnou práci přes celý semestr, a proto žádné náhradní termíny pro získání zápočtu nebudou vypsány. B) Přednáška Přednáška se koná jednou týdně podle rozvrhu. Jak už bylo zmíněno výše, body získané z cvičení budou započítány s vahou 40% do celkového hodnocení posluchače. Dále se bude v rámci přednášky psát písemný test. Datum konání testu bude vypsáno na začátku semestru a bude zveřejněno v doprovodném Moodle kurzu. Písemný test přispěje 15% k celkovému hodnocení. Samotná zkouška na konci semestru se započítává 45% do výsledného hodnocení. Posluchač získá známku na základě celkového hodnocení podle následující tabulky známka 1 známka 2 známka 3 nevyhověl 100%–86% 85%–71% 70%–56% méně než 56%","Charu C. Aggarwal (Ed.): Social Network Data Analytics, Springer, 2011 · Amy N. Langville, Carl D. Meyer: Google´s PageRank and Beyond: The Science of Search Engine Rankings, Princeton University Press, 2006 · Bing Liu: Sentiment Analysis: Mining Opinions, Sentiments, and Emotions, Cambridge University Press, 2015 · Albert-László Barabási: Network science. Cambridge university press, 2016"
NAIL105,"V rámci předmětu se student seznámí s klasifikačními metodami používanými ve třech důležitých internetových nebo obecně síťových aplikacích: při filtraci spamu, v doporučovacích systémech a v systémech pro odhalení hrozeb v síti. Dozví se však více než jenom to, jak se při řešení těchto tří problémů klasifikace provádí. Na pozadí uvedených aplikací získá celkový přehled o základech klasifikačních metod. Předmět je vyučován v dvoutýdenním cyklu v rozsahu 2 hodiny přednášek a 2 hodiny cvičení. Na cvičeních studenti jednak implementují jednoduché příklady k tématům z přednášky. Seznámit studenty se spektrem klasifikačních metod používaných nebo použitelných v internetových aplikacích.","Téma 1. Tři důležité internetové aplikace klasifikačních metod. 1. Filtrace spamu. Klasifikační úlohy vyskytující se při filtraci spamu. Klasifikace spamu na základě obsahu zpráv a na základě metainformací o zprávách. Začlenění klasifikace do celkového procesu filtrace spamu. Příklady existujících spamových filtrů. 2. Doporučovací systémy (recommender systems). Klasifikační úlohy vyskytující se v doporučovacích systémech. Klasifikace při obsahovém filtrování a při kolaborativním filtrování. Příklady existujících doporučovacích systémů založených na obsahovém filtrování a systémů založených na kolaborativním filtrování. 3. Systémy pro odhalení hrozeb v síti (intrusion detection systems). Klasifikační úlohy vyskytující se v systémech pro odhalení hrozeb. Klasifikace anomálního chování sítě jako důležitá komponenta systému pro odhalení hrozeb. Klasifikace přítomnosti a nepřítomnosti anomálního chování. Klasifikace do jednotlivých druhů anomálního chování. Příklady existujících systémů pro odhalení hrozeb v síti. O čem budou zbývající přednášky? · Téma 2. Základní koncepty týkající se klasifikace. Klasifikace a klasifikátory. Binární klasifikace a klasifikace do více tříd. Použití klasifikace do 3 tříd ve spamových filtrech. Koncepty specifické pro binární klasifikaci: pozitivní a negativní třída, falešná pozitivita a falešná negativita. Charakterizace kvality klasifikace pomocí její chybovosti. Zahrnutí různé ceny chyb pro různé třídy. Různá cena falešné pozitivity a falešné negativity při filtraci spamu. Specifické charakteristiky kvality binární klasifikace: správnost, přesnost, citlivost, specificita, F-míra, ROC křivka a plocha pod ní. Charakterizace kvality klasifikace při filtraci spamu. Tvar hranice mezi třídami. Lineární separabilita tříd. Metoda přechodu od lineárně neseparabilních tříd ke třídám lineárně separabilním pomocí jádrových funkcí. Konstrukce klasifikátorů z existujících dat - učení klasifikátorů. Učení spamových filtrů. Přeučení klasifikátoru. Souvislost klasifikace a regrese, klasifikátorů a regresních funkcí. Role regrese v doporučovacích systémech. Odlišnost klasifikace a shlukování. Použití shlukování v doporučovacích systémech. · Téma 3. Hlavní typy klasifikačních metod. Rozdělení klasifikačních metod podle toho, zda hledají hranice mezi třídami. Hlavní přístupy používané v metodách nehledajících hranice: podobnost a odhadování pravděpodobnosti příslušnosti k jednotlivým třídám. Klasifikátory založené na podobnosti nejbližším sousedům se známou příslušností do tříd - k-NN klasifikátory. Použití k-NN klasifikátorů při kolaborativním filtrování. Použití k-NN klasifikátorů při detekci malware. Volba počtu nejbližších sousedů v k- NN klasifikátorech. Míry podobnosti užívané v k-NN klasifikátorech. Měření podobnosti při kolaborativním filtrování. Klasifikátory založené na bodových odhadech pravděpodobnosti příslušnosti k třídám - bayesovské klasifikátory. Bodové odhady pravděpodobnosti příslušnosti k třídám logitovou metodou. Použití bayesovských klasifikátorů ve spamových filtrech. Učení bayesovských spamových filtrů. Narušitelnost učení bayesovských filtrů spamery (bayesian poisoning). Klasifikace založená na odhadech pravděpodobnosti příslušnosti k třídám prokládáním vícerozměrného normálního rozdělení - Fisherova diskriminační analýza. Lineární a kvadratická diskriminační analýza. Diskriminační analýza při klasifikaci obrázků a videí. Klasifikátory hledající hranice mezi třídami pomocí umělých neuronových sítí. Hledání lineární hranice pomocí perceptronů a nelineární hranice pomocí vícevrstvých perceptronů. Použití umělých neuronových sítí pro filtraci spamu. Použití umělých neuronových sítí v doporučovacích systémech. Použití umělých neuronových sítí při odhalování různých druhů hrozeb v síti. · Téma 4. Kdy dělá klasifikátor nejméně chyb na nových vstupech? Přesnost klasifikátoru na nových vstupech - generalizační schopnost klasifikátoru. Předpoklad o zvýšení generalizační schopnosti binárního klasifikátoru při klasifikaci lineárně separabilních tříd se zvětšením šířky pásu mezi třídami. Hledání klasifikátoru s nejširším pásem mezi třídami jako optimalizační úloha. Role vektorů z opěrných nadrovin tříd. Klasifikátory pro lineárně separabilní třídy konstruované pomocí opěrných vektorů - SVM klasifikátory (support vector machines). Použití SVM klasifikátorů pro lineárně neseparabilní třídy. Proč je pro SVM klasifikátory výhodné používat přechod od lineárně neseparabilních tříd ke třídám lineárně separabilním pomocí jádrových funkcí? Používání SVM klasifikátorů při klasifikaci do více tříd. Rozšíření SVM klasifikátorů o toleranci vůči šumu. Použití SVM klasifikátorů pro filtraci spamu. Použití SVM klasifikátorů v doporučovacích systémech. Použití SVM klasifikátorů při detekci malware. Aktivní učení a jeho relevance pro SVM klasifikátory. Využití aktivního učení v doporučovacích systémech. · Téma 5. Kdy je klasifikace srozumitelná uživateli? Snaha o srozumitelné vyjádření klasifikace pomocí jazyka formální logiky. Klasifikační pravidla: implikace a ekvivalence booleovské a fuzzy logiky. Získávání klasifikačních pravidel z dat pomocí genetických a dalších evolučních algoritmů. Michiganský a pittsburgský přístup k evolučnímu hledání souborů klasifikačních pravidel. Použití klasifikačních pravidel pro filtraci spamu. Použití klasifikačních pravidel v doporučovacích systémech. Použití klasifikačních pravidel při detekci malware. Získávání pravidel z dat pomocí observačního kalkulu. Konstrukce observačních pravidel pomocí odhadů pravděpodobností. Konstrukce observačních pravidel pomocí testování hypotéz. Klasifikační stromy a získávání klasifikačních pravidel z nich. Učení klasifikačních stromů. Prořezávání klasifikačních stromů. Použití klasifikačních stromů v doporučovacích systémech. Další internetové aplikace klasifikačních stromů. · Téma 6. Tým zvládne více než jedinec. Spojování více klasifikátorů do týmu. Zahrnutí různé důvěry různým klasifikátorům v týmu. Týmy klasifikátorů různých druhů a soubory (ensembles) klasifikátorů stejného druhu. Použití týmu různých klasifikátorů při klasifikaci multimediálních dat. Metody vytváření týmů klasifikátorů. Bagging, boosting, hierarchické týmy. Použití souborů klasifikátorů při detekci malware. Soubory klasifikačních stromů - klasifikační náhodné lesy. Typy náhodných lesů. Aktivní učení náhodných lesů. Použití náhodných lesů pro filtraci spamu. Použití náhodných lesů v doporučovacích systémech. · Náplň cvičení: · 1. Seznámení s vývojovým prostředím Matlab pro ty, kdo ho dosud nepoužívali. · 2. Představení možných semestrálních prací, které budou studenti na zápočet doma vypracovávat + jednoduché příklady k tématu 2. · 3.-6. Jednoduché příklady k tématům 3.-6. + konzultace k semestrálním pracím.",Zápočet za účast na cvičeních a vypracování semestrální práce + následná zkouška. Získaný zápočet je podmínkou účasti na zkoušce.,"E. Blanzieri, A. Bryl. A survey of learning-based techniques of email spam filtering. Artificial Intelligence Reiviews, 29 (2006) 63-92. · D.J. Hand. Construction and Assessment of Classification Rules. Wiley, 1997. · L.I. Kuncheva. Combining Pattern Classifiers: Methods and Algorithms. Wiley, 2004. · A. Shabtai, R. Moskowitch, Y. Elovici, C. Glezer. Detection of malicious code by applying machine learning classifiers on static features: A state-of-the-art survey. Information Security, 14 (2009) 16-29."
NPFL138,"Cílem tohoto kurzu je poskytnout komplexní úvod do hlubokých neuronových sítí, které konzistentně dosahují špičkového výkonu v různorodých oblastech. Zaměřuje se jak na teorii od základů k nejnovějším technikám, tak i na reálnou implementace hlubokých neuronových sítí v Pythonu a knihovně PyTorch (studenti naimplementují a natrénují hluboké neuronové sítě pro širokou škálu úloh zpracování obrazu, porozumění textu a generování obrazu). Předmět je součástí meziuniverzitního programu prg.ai Minor (https://prg.ai/minor). Cílem přednášky je seznámení s hlubokými neuronovými sítěmi, od základů k nejnovějším technikám. Přednáška se zaměří jak na teorii, tak na skutečné použití hlubokých neuronových sítí.","Dopředné hluboké neuronové sítě · Základní architektury a aktivační funkce · Optimalizační algoritmy pro trénování hlubokých modelů · Regularizace hlubokých modelů · Klasická regularizace využívající penalizaci normou parametrů · Dropout · Label smoothing · Batch normalization · Víceúlohové učení · Konvoluční neuronové sítě · Konvoluční a slučující (pooling) vrstvy · Architektury vhodné pro velmi hluboké konvoluční sítě · Modely pro rozpoznávání obrazu, detekci objektů a segmentaci obrazu · Předtrénování a finetuning hlubokých neuronovách sítí · Rekurentní neuronové sítě · Základní rekurentní sítě a problémy jejich trénování · Long short-term memory · Gated recurrent units · Obousměrné a hluboké rekurentní sítě · Enkodér-dekodér architektury typu věta na větu · Praktická metodika · Výběr vhodné architektury · Volba hyperparametrů · Zpracování přirozeného jazyka · Distribuovaná reprezentace slov · Reprezentace slov jako sekvence znaků · Transformer architektura · Přístupy pro morfologické značkování, rozpoznávání pojmenovaných entit, strojový překlad · Hluboké generativní modely · Variační autoenkodéry · Generativní protivnické (adversarial) sítě · Difúzní modely · Generování řeči · Strukturovaná predikce · CTC loss a její aplikace rozpoznávání řeči a optickém rozpoznávání znaků · sequence-to-sequence architektura · Úvod do hlubokého zpětnovazebního učení",Zápočet je udělován za vypracování dostatečného množství úloh. Úlohy jsou zadávány pravidelně celý semestr a na vypracování každé z nich je několik týdnů. Vzhledem ke způsobu obdržení zápočtu není možné jeho získání opakovat. Získání zápočtu není podmínkou k připuštění ke zkoušce.,"Yoshua Bengio, Ian Goodfellow, Aaron Courville: Deep learning, MIT Press, In preparation. · Jürgen Schmidhuber: Deep learning in neural networks: An overview, Neural networks 61 (2015): 85-117. · Sepp Hochreiter, and Jürgen Schmidhuber: Long short-term memory, Neural computation 9.8 (1997): 1735-1780."
NPFL139,"V posledních letech došlo ke zkombinování zpětnovazebního učení a hlubokých neuronových sítí, což umožnilo vznik herních agentů s nadlidskou výkonností (například pro šachy a go, schopných natrénovaní pouze z her „sám se sebou“), algoritmů pro řízení chlazení datacenter efektivnějších než lidští operátoři, nebo k rychlejšího kódu pro řazení či násobení matic. Cílem kurzu je seznámení se zpětnovazebním učením využívajícím hluboké neuronové sítě, se zaměřením jak na teorii, tak na skutečnou implementaci. Předmět je součástí meziuniverzitního programu prg.ai Minor (https://prg.ai/minor). Cílem přednášky je seznámení se zpětnovazebním učením zkombinovaným s hlubokými neuronovými sítěmi. Přednáška se zaměří jak na teorii, tak na skutečné použití zpětnovazebního učení.",Základní rámec zpětnovazebního učení · Tabulkové metody · Dynamické programování · Monte Carlo metody · Temporal-difference metody · N-krokový bootstrapping · Functionální aproximace · Hluboké Q sítě · Rainbow architektura · Distribuované zpětnovazební učení · Policy gradient metody · REINFORCE · REINFORCE with baseline · Actor-critic · Proximal Policy Optimization · Doména spojitých akcí · Deep Deterministic policy gradient · Twin Delayed Deep Deterministic policy gradient · Soft Actor Critic · Prohledávání Monte Carlo tree search · AlphaZero architektura · Algoritmy využívající modely · MCTS s natrénovaným modelem · World modely · Optimalizace latentních diskrétních proměnných · Úvod do multiagentního zpětnovazebního učení,Zápočet je udělován za vypracování dostatečného množství úloh. Úlohy jsou zadávány pravidelně celý semestr a na vypracování každé z nich je několik týdnů. Vzhledem ke způsobu obdržení zápočtu není možné jeho získání opakovat. Získání zápočtu není podmínkou k připuštění ke zkoušce.,"Richard S. Sutton and Andrew G. Barto: Reinforcement Learning: An Introduction, Second edition, 2018. · David Silver et al.: Mastering Chess and Shogi by Self-Play with a General Reinforcement Learning Algorithm https://arxiv.org/abs/1712.01815 · Julian Schrittwieser et al.: Mastering Atari, Go, Chess and Shogi by Planning with a Learned Model https://arxiv.org/abs/1911.08265"
NMAI073,"Pokročilejší partie pravděpodobnosti a statistiky pro informatiky. Navazuje na přednášku Pravděpodobnost a statistika 1, očekává se, že student bude příslušné znalosti ovládat.","(Přednáška bude česky nebo anglicky, podle toho, zda si ji zapíše někdo česky nemluvící.) · Markovovské řetězce: · základní koncept a základní použití · pravděpodobnostní algoritmus na 2-SAT, 3-SAT · stacionární distribuce a konvergence k ní. · Model balls-into-bins: použití pro analýzu hashování, Poissonovská aproximace, odhady. · Poissonův proces · Momentová vytvořující funkce a důkaz Centrální limitní věty. · Podmíněná střední hodnota. Coupling. · Základy teorie informace · Bayesovská statistika · Grafické modely, belief propagation","Zápočet bude udělen za aktivní účast na cvičení, domácí úkoly a úspěšné sepsání zápočtových písemek (přesný poměr těchto kritérií stanoví cvičící). Povaha prvních dvou požadavků neumožňuje vypsat opravné termíny. Vyučující může stanovit podmínky, za nichž student může chybějící požadavky nahradit. Zkouška bude písemná, případně též ústní. Podmínkou připuštění ke zkoušce je získání zápočtu.","D.P. Bertsekas, J.N. Tsitsiklis: Introduction to Probability, Athena Scientific; 2nd edition, 2008. · Mor Harchol-Balter: Introduction to Probability for Computing, Cambridge University Press, 2023. · G. Grimmett, D. Welsh: Probability - an introduction, Oxford University Press, 2014. · M. Mitzenmacher, E. Upfal: Probability and Computing, Cambridge, 2005. · R. Bartoszynski, M. Niewiadomska-Budaj: Probability and Statistical Inference, J. Wiley, 1996. · K. Zvára, J. Štěpán: Pravděpodobnost a matematická statistika, Matfyzpress, Praha 1997."
NAIL104,"Cílem kurzu je hlouběji seznámit studenty s pravděpodobnostními modely, předpokládá se znalost NAIL070 Umělé inteligence 2. Od bayesovských sítí a jejich rozšíření přejdeme přes rozhodovací grafy k částečně pozorovaným markovským rozhodovacím procesům (POMDP). Kromě tvorby modelů a metod jejich výpočtu se dotkneme i aplikací. Cílem předmětu je seznámit studenty s pravděpodobnostními grafickými modely, algoritmy jejich vyhodnocení a možnými aplikacemi.","1) Úvod, Podmíněná nezávislost, bayesovské klasifikátory, · 2) bayesovské sítě, skryté markovské modely, · 3) pokročilejší metody vyhodnocení: d-separace, strom spojení, posílání zpráv, · 4) učení bayesovských sítí, · 5) neorientované grafické modely, · 6) rozhodovací grafy, · 7) částečně pozorovatelné markovské procesy (POMDP), · 8) Variační přibližná inference (variational approximate inference) · 9) příklady aplikací · Dle zájmu studentů bude věnována mírná či intenzivní pozornost tvorbě pravděpodobnostních modelů v Python knihovnám pgmpy, bayespy.",Pro úspěšné absolvování je třeba složit ústní zkoušku z témat obsažených v sylabu v rozsahu předneseném na přednášce. Část zkoušek může konat distanční formou.,"Sucar, Luis Enrique: Probabilistic graphical models: principles and applications, Springer, 2021 · S. Hojsgaard, D. Edwards, S. Lauritzen: Graphical Models with R, Springer 2012 · Finn V. Jensen, Thomas D. Nielsen: Bayesian Networks and Decision Graphs, Springer 2007 · Leslie Pack Kaelbling, Michael L. Littman, and Anthony R. Cassandra. Planning and acting in partially observable stochastic domains. Artificial Intelligence, Volume 101, pp. 99-134, 1998 · John Lafferty, Andrew McCallum, Rernando Pereira: Conditional random fields: Probabilistic models for segmenting and labeling sequence data, Morgan Kaufmann 2001, pp. 282-289 (dosažitelné po internetu)"
NAIL138,"Mimořádný význam pro konstrukci a trénování neuronových sítí i řady jiných modelů strojového učení mají stochastické metody. Tento předmět probere do hloubky řadu typů neuronových sítí, které spočívají na náhodnosti, jakož i řadu konkrétních stochastických metod pro neuronové sítě a strojové učení. V závěru se pak vyloží obecný stochastický přístup k trénování neuronových sítí a ukáže, že se modely strojového učení, včetně neuronových sítí, využívají v jedné z nejdůležitějších aplikací náhodnosti – stochastických optimalizačních metodách, k nimž patří např. populární evoluční algoritmy. Systematické objasnění souvislostí mezi stochastickými metodami a trénováním neuronových sítí či dalších modelů strojového učení. Seznámení se specifickými typy neuronových sítí, které podstatným způsobem spočívají na náhodnosti, a se stochastickými metodami pro neuronové sítě a strojové učení, o kterých se student nedozví ve výuce pravděpodobnosti a statistiky.","1. Připomenutí pojmů známých z dřívějška · Umělé neuronové sítě, přenos signálů, architektura sítě. Nejznámější typy neuronových sítí. Obecné modely ve strojovém učení. Trénování modelu. Výběr modelu. Výběr příznaků. Míry kvality modelu. Interpretovatelnost a vysvětlitelnost. Učení s učitelem a bez učitele, posilované učení. Nejznámější metody učení s učitelem. Učení pravidel. Shlukování. Náhodné proměnné a náhodné procesy. Rozdělení pravděpodobnosti a momenty. Bayesovský přístup. · 2. Umělé neuronové sítě založené na náhodnosti · ELM (extreme learning machine) sítě. Učení ELM sítí, optimalizační úloha pro učení ELM sítí. ELM sítě a náhodná projekce. Znáhodněné konvoluční neuronové sítě. ESN (echo state network) sítě. Vývoj aktivity v ESN sítích. ESN sítě s nepovolenými spoji. Bayesovská neuronová síť (BNN). Apriorní rozdělení pravděpodobnosti v BNN. Predikce a odhady v BNN. BNN se stochastickou aktivací, BNN s omezenou stochasticitou, hierarická BNN. · 3. Stochastické metody pro umělé neuronové sítě · Dropout, bernoulliovský dropout, vlastnosti bernoulliovského dropoutu. Dropout a učení sítě, dropout a regularizace. Dropout a týmy neuronových sítí. Dropout v boltzmannovských strojích a v lineární regresi. Gaussovský dropout. Stochastický gradient. Stochastická metoda největšího spádu (SGD). Předpoklady a strategie metody SGD. Aproximace aposteriorního rozdělení pravděpodobnosti, aproximace po složkách. · 4. Stochastické metody pro strojové učení · Pozorovatelné a latentí proměnné. Metoda Monte Carlo markovských řetězců (MCMC). MCMC odhad aposteriorního rozdělení latentních proměnných. Algoritmus Metropolis-Hastings. Metoda variační inference (VI). VI odhad aposteriorního rozdělení latentních proměnných. Dolní VI odhad marginálního rozdělení pozorovatelných proměnných. Kombinování VI s MCMC. VI odhady v generativních modelech, hluboké Kalmanovy filtry. · 5. Obecný stochastický přístup k umělým neuronovým sítím · Předpoklady obecného stochastického přístupu. Prostory náhodných vektorů. Učení založené na střední hodnotě a učení založené na náhodném výběru. Specificita učení založeného na střední hodnotě při kvadratické chybové funkci. Silný zákon velkých čísel pro učení neuronových sítí, předpoklady a tvrzení. Centrální limitní věta pro učení neuronových sítí, předpoklady a tvrzení. Souvislost s testováním nulovosti vah spojů, využití při klestění sítě. · 6. Strojové učení a neuronové sítě jako podpora stochastické optimalizace · Stochastické optimalizační algoritmy, evoluční algoritmus CMA-ES (covariance matrix adaptation evolution strategy). Nevýhoda stochastické optimalizace pro black-box cílové funkce s nákladným vyhodnocováním. Náhradní modelování pro black-box optimalizaci. Volba vyhodnocování mezi black-box funkcí a modelem. Náhradní modely založené na umělých neuronových sítích, gaussovských procesech, náhodných lesech a ordinální regresi.",,
NPFL140,"Předmět se věnuje velkým neuronovým jazykovým modelům. Pokrývá související teoretické koncepty, technické základy fungování a využití jazykových modelů. Představit fungování velkých neuronových jazykových modelů: jejich základní typologii, jakým způsobem se trénují, jakým způsobem se používají, jejich aplikační potenciál a společenské důsledky. Absolventi předmětu by měli být schopni využívat velké jazykové modely při řešení úloh a kvalifikovaně posoudit rizika spojená s využíváním této technologie.","Základy neuronových sítí pro modelování jazyka · Typologie jazykových modelů [2] · Získávání a správa dat, navazující úlohy · Trénování (samoučení, zpětnovazební učení s využítím lidských anotací) · Dolaďování a odvozování · Vícejazyčnost a mezijazykový přenos · Aplikace velkých jazykových modelů (např. konverzační systémy, robotika, generování kódu) [2-3]. · Multimodalita (CLIP, difuzní modely) · Společenské dopady · Interpretabilita","práce na projektu, aktivní účast, závěrečný test","VASWANI, Ashish, et al. Attention is all you need. Advances in neural · information processing systems, 2017, 30. DEVLIN, Jacob; CHANG, Ming-Wei; KENTON, Lee; TOUTANOVA, Kristina. · BERT: Pre-training of Deep Bidirectional Transformers for Language Understanding. In: Proceedings of NAACL-HLT. 2019. p. 4171-4186. · RADFORD, Alec, et al. Language models are unsupervised multitask · learners. OpenAI blog, 2019, 1.8: 9. BROWN, Tom, et al. Language models are few-shot learners. Advances in · neural information processing systems, 2020, 33: 1877-1901 RAFFEL, Colin, et al. Exploring the limits of transfer learning with a · unified text-to-text transformer. The Journal of Machine Learning Research, 2020, 21.1: 5485-5551. · ROGERS, Anna; KOVALEVA, Olga; RUMSHISKY, Anna. A primer in BERTology: · What we know about how BERT works. Transactions of the Association for Computational Linguistics, 2021, 8: 842-866. · CONNEAU, Alexis, et al. Unsupervised Cross-lingual Representation · Learning at Scale. In: Proceedings of the 58th Annual Meeting of the Association for Computational Linguistics. 2020. p. 8440-8451. · XUE, Linting, et al. mT5: A Massively Multilingual Pre-trained · Text-to-Text Transformer. In: Proceedings of the 2021 Conference of the North American Chapter of the Association for Computational Linguistics: · Human Language Technologies. 2021. p. 483-498. · RADFORD, Alec, et al. Learning transferable visual models from natural · language supervision. In: International conference on machine learning. PMLR, 2021. p. 8748-8763. · OUYANG, Long, et al. Training language models to follow instructions · with human feedback. Advances in Neural Information Processing Systems, 2022, 35: 27730-27744. · TOUVRON, Hugo, et al. Llama: Open and efficient foundation language · models. arXiv preprint arXiv:2302.13971, 2023."
NAIL015,"Metody a techniky implementace základních modelů neuronových sítí. Kohonenovy mapy, Hopfieldova síť. Neurální formulace úloh, transformace zadání. Hodnocení nalezených řešení, úpravy sítě vedoucí k jeho zlepšení. Cvičení je zaměřeno na praktické realizace vybraných aplikací. Naučit metody a techniky implementace základních modelů neuronových sítí","Metody a techniky implementace základních modelů neuronových sítí. Kohonenovy mapy, Hopfieldova síť. Neurální formulace úloh, transformace zadání. Hodnocení nalezených řešení, úpravy sítě vedoucí k jeho zlepšení. Cvičení je zaměřeno na praktické realizace vybraných aplikací.","Podmínkou pro udělení zápočtu je úspěšná prezentace fungujících programů pro úlohy, které jsou v předmětu probírány. Tyto programy musí být vlastním dílem studenta s případným využitím vhodných frameworků, jejichž použití podléhá schválení vyučujícím. Nedílnou součástí zápočtu je i dostatečná účast na semináři, kde probíhá rozbor úloh a průběžná diskuze.","Beale R.: Neural Computing - An Introduction. Adam Hilger, Bristol, 1990 · Goles E.: Lyapunov functions associated to automata networks, in Automata networks in computer science, Princeton University Press, 1987 · Tank D., Hopfield J.: Simple ""Neural"" Optimization Networks, IEEE TCS CAS-33, pp.533-541, 1986"
NMAI060,"Prohloubení poznatků z pravděpodobnosti a jejich rozšíření o základy dalších disciplín teorie pravděpodobnosti, zejména o teorii a využití Markovových řetězců, teorii front, teorii spolehlivosti a teorii informace. Předpokládají se znalosti v rozsahu bakalářského kursu NMAI059 Pravděpodobnost a statistika. Studenti se seznámí se základy teorie Markovských řetězců, modely zrodu a zániku, modely hromadné obsluhy a náhodných procesů. Toto jim umožní pochopit stochastický přístup modelování reálných náhodných jevů v této oblasti. Studentům se silně doporučuje si zapsat také předmět NMAI165 Praktikum z pravdpodobnostních metod, které je de facto cvičením k této přednášce, a na němž je možné si odpřednášené pojmy procvičit na netriviálních úlohách.","• Diskrétní a spojité náhodné veličiny a jejich charakteristiky. · • Rekurentní jevy, klasifikace a aplikace. · • Markovovy řetězce s diskrétními stavy a diskrétním časem; klasifikace stavů, pojem stacionárního rozdělení, výpočet pravděpodobností pohlcení a doby do pohlcení, apod. · • Exponenciální rozdělení, jeho vlastnosti a aplikace. · • Markovovy procesy s diskrétními stavy a spojitým časem. · • Modely zrodu a zániku. · • Základy teorie front, modelování obslužných zařízení. · • Poissonův proces a jeho aplikace. · • Durbinův-Watsonův větvící se proces a jeho aplikace. · • Simulace náhodných objektů studovaných v přednášce.",Ústní zkouška.,"Prášková Z., Lachout, P. Základy náhodných procesů, Karolinum, Praha 1998. · Feller W., An introduction to probability theory and its applications, Wiley, New York 1971. · Ross, S.M. Introduction to Probability Models. Academic Press, Elsevier, 2007. · Lawler, G.F., Introduction to Stochastic Processes, Second Edition. Chapman and Hall/CRC, Boca Raton, 2006."
NAIL099,"Seminář strojového učení a modelování se zabývá metodami strojového učení a modelování na základě dat. Na semináři se střídají vystoupení diplomantů a doktorandů z MFF, FJFI a FEL a zvanými přednáškami vědeckých pracovníků z této oblasti, příležitostně i zahraničních návštěv. Vítáme ale i studenty, kteří mají chuť poreferovat o nějaké zajímavé knížce nebo článku z oblasti strojového učení či modelování na základě dat. Umožnit navazování a udržování kontaktů mezi diplomanty a doktorandy z MFF a ČVUT pracujícími na tématech z oblastí strojové učení a modelování na základě dat. Zprostředkovat jim výměnu zkušeností mezi sebou i s vědeckými pracovníky z těchto oblastí zvanými na seminář. Poskytnout jim feedback a inspirující nápady.","Seminář strojového učení a modelování se schází jednou za dva týdny v rozsahu 2 vyučovacích hodin. Níže uvedené příklady témat dokumentují, čím se účastníci semináře zabývali v minulých letech, v žádném případě není myšlený jako omezení pro budoucí účastníky. Vítána jsou všechna témata, která nějakým způsobem souvisí se strojovým učením nebo modelováním na základě dat. · Příklady témat probíraných na semináři · Učení pravidel z dat, učení booleovských a fuzzy pravidel. · Asociační a klasifikační pravidla. · Induktivní inference, induktivní logické programování. · Případové učení, transduktivní inference. · Statistické učení, PAC učení. · Shlukování na základě podobnosti, shlukování samoorganizací. · Evoluční učení, evoluční získávání pravidel z dat. · Genetické algoritmy, genetické programování. · Evoluční algoritmy založené na diferenční evoluci a odhadech rozdělení pravděpodobnosti. · Učení umělých neuronových sítí (s učitelem i bez učitele). · Perceptrony a vícevrstvé perceptrony. · Neuronové sítě s radiálními bázovými funkcemi. · Samoorganizující mapy, kombinování neuronových sítí a evolučních algoritmů. · Klasifikace a regrese pomocí opěrných vektorů (support vector machines). · Hierarchické regresní modely. · Rozhodovací stromy pro klasifikaci a regresi. · Kombinování rozhodovacích stromů do náhodných lesů. · Obecné metody kombinování klasifikátorů, ensemblové metody. · Fuzzy aggregace klasifikátorů, fuzzy klasifikace. · Obecné metody kombinování regresních modelů, spolehlivost predikce. · Vizualizace dat, vizualizace modelů zkonstruovaných na základě dat. · Aplikace metod strojového učení ve fyzice, chemii, biologii a počítačových hrách. · Aplikace modelů získávaných z dat v přírodních vědách a v technice.","K získání zápočtu za tento předmět stačí pasivní účast na všech seminářích (s výjimkou omluvené neúčasti), avšak ve dvou různých semestrech. Tyto semestry nemusí být po sobě následující, může mezi nimi být i delší časový odstup.","Vzhledem k tomu, že přednášející na semináři referují právě probíhající výzkum, není k němu ještě žádná publikovaná literatura."
NPFL103,Přednáška seznámí posluchače s moderními algoritmy a principy používanými v oblasti vyhledávání informací v rozsáhlých datových kolekcích. Posluchači získají praktické vědomosti a zkušenosti s prováděním a vyhodnocováním experimentů na reálných datech. Zvláštní pozornost je věnována vyhledávání informací na webu.,"Úvod, základní pojmy a principy · Boolský model · Indexování · Vektorový model · Evaluace ve vyhledávání informací · Rozšiřování dotazů · Pravděpodobnostní modely · Jazykové modely · Klasifikace textu · Shlukování dokumentů · Hledání na webu · Hledání blízkých duplicit",K absolvování předmětu je zapotřebí zápočet i zkouška. Zápočet bude udělen po splnění dvou domácích úkolů. Výsledná známka bude záviset na výsledcích zkoušky a řešení domácích úkolů.,"Christopher D. Manning, Prabhakar Raghavan and Hinrich Schütze, Introduction to Information Retrieval, Cambridge University Press. 2008. ISBN 0521865719."
NAIL086,"Evoluční modely, programování, strategie, Genetické algoritmy a programování. Klasifikační systémy, adaptivní chování. Celulární automaty. Řešení kombinatorických problémů. Naučit vybrané pokročilé části z teorie evolučních algoritmů a jejich aplikace.","Evoluční programování. Alternativní reprezentace problému. Evoluce konečných automatů. ""Meta-evoluce"" - adaptace evolučních pravidel. · Evoluční strategie, kooperace individuí, (1+1) ES, (m+1) ES, rychlost konvergence. · Genetické programování. Evoluce počítačových programů. Vnitřní stromová reprezentace, genetické operátory. · Otevřená evoluce, adaptivní chování, animati, artificial life. Emergence, simulace stádního chování, simulace prostředí a interakcí (Tierra, Avida, Framsticks, ...). · EA a numerická optimalizace. Binární vs. float reprezentace, multiúčelová optimalizace, zahrnutí explicitních podmínek a omezení. · EA a kombinatorické problémy. Řešení NP-úplných úloh, problém obchodního cestujícího, problém batohu. · Genetické učení neuronových sítí. Vnitřní reprezentace, evoluce topologií. Evoluční učení vah, hybridní přístupy. Funkční ekvivalence sítí. Evoluce v procesu učení sítě.",Ústní zkouška,"Mitchell, M.: Introduction to genetic algorithms. MIT Press, 1996. · Michalewicz, Z: Genetic algorithms + data structures = evolutionary programs. Springer Verlag, 1994. · Koza, J.: Genetic programming (I,II,III) MIT Press, 1992, 1994, 1996. · Chambers, L. (ed.): Practical handbook of genetic algorithms, CRC Press, 1995."
NPRG071,"Cílem předmětu je naučit studenty týmové práci na větším softwarovém projektu formou stáže ve firemním prostředí. Vypisuje se pro jednotlivce. Stáž musí být předem uznána projektovou komisí s tím, že bude prokazatelně zaměřená na vývoj softwarového díla.",Praktická práce studenta ve firemním týmu na větším softwarovém díle. · Podrobnější popis a pravidla: https://www.ksi.mff.cuni.cz/teaching/projects-web/pravidla.html,Pro získání zápočtu je nutno vypracovat zprávu dokumentující podíl studenta na realizaci firemního projektu a účast na projektu je zakončena veřejnou obhajobou. NENÍ VHODNÝ PRO STUDENTY NA VÝMĚNNÝCH PROJEKTECH ERASMUS ANI NA KRÁTKODOBÝCH STÁŽÍCH,
NPRG070,"Cílem předmětu je naučit studenty týmové práci na výzkumném projektu v některé výzkumné skupině na MFF. Vypisuje se pro jednotlivce, kterého vedoucí konkrétního výzkumného projektu zapojí do svého projektového týmu.",Práce studenta ve výzkumném týmu na větším výzkumném projektu. · Podrobnější popis a pravidla: https://www.ksi.mff.cuni.cz/teaching/projects-web/pravidla.html · Nabídka projektů: https://www.ksi.mff.cuni.cz/teaching/projects-web/,Pro získání zápočtu je nutno vypracovat zprávu dokumentující podíl studenta na realizaci výzkumného projektu a účast na projektu je zakončena veřejnou obhajobou.,
NMAI061,"Prohloubení a rozšíření poznatků ze statistiky, zejména principy teorie odhadu a testování hypotéz, podrobné odvození a vysvětlení lineárního modelu a stručný přehled nejpoužívanějších statistických metod. Předpokládají se znalosti v rozsahu bakalářského kursu NMAI059 Pravděpodobnost a statistika. Cílem předmětu je seznámit studenty se základními postupy matematické statistiky, konstrukcí jednoduchých odhadů a testů a jejich praktickým využitím.","1. Od dat k modelu a od modelu k datům. · 2. Náhodná veličina a její charakteristiky. · 3. Náhodné vektory a jejich charakteristiky. · 4. Vybraná diskrétní a spojitá rozdělení. · 5. Normální rozdělení a rozdělení z něj odvozená. · 6. Limitní zákony teorie pravděpodobnosti a jejich využití ve statistice. · 7. Principy teorie odhadu. · 8. Bodové a intervalové odhady. · 9. Principy testování hypotéz. · 10. U-test, t-test, F-test a jejich pořadové varianty. · 11. Testy dobré shody. · 12. Jedno, dvou a více výběrový problém. · 13. Od dat k modelu revisited. · 14. Grafická reprezentace dat, popisná statistika. · 15. Regresní analýza. · 16. Kontingenční tabulky. · 17. Vybrané statistické postupy. · 18. Bayesovský přístup k analýze dat.",Podmínky pro získání zápočtu: Účast na cvičení a úspěšné vyřešení písemného zápočtového úkolu.,"Anděl J., Statistické metody, MATFYZPRESS, Praha 1998. · Zvára K., Regrese, MATFZYPRESS, Praha 2008."
NAIL109,"Představení moderních metod z oblasti výpočetní inteligence (evoluční algoritmy, strojové učení a příbuzné obory) a jejich aplikace na řešení reálných problémů. Předpokládá se znalost základů strojového učení, neuronových sítí a evolučních algoritmů. Naučit pokročilé metody kombinující přístupy evolučních algoritmů, neuronových sítí a dalších metod výpočetní inteligence. Rozšířit poznatky ze základních přednášek o neuronových sítích, strojovém učení, dobývání znalostí a evolučních algoritmú. Důraz bude kladen na práci s reálnými daty a na využití kombinace různých přístupů při řešení problémů z oblastí optimalizace, učení a modelování.","Předmět se zaměří na prohloubení znalostí z následujících oblastí s důrazem na jejich aplikace na reálná data, např. z různých aktuálních soutěží (Kaggle, konferenční soutěže, apod.) · Metaučení - výběr modelů, prohledávání prostoru parametrů (grid search, evoluční algoritmy), ansámbly (bagging, boosting, stacking, blending) · Kombinace evolučních algoritmů a strojového učení - náhradní modelování; hybridní modely, vztah lokálního a globálního prohledávání, memetické algoritmy; využití evoluce v metaučení · Pokročilé metody evolučních algoritmů - CMA-ES, práce s omezujícími podmínkami · Jádrové metody - support vector machines (klasifikace, regrese), jádrové neuronové sítě (Radial basis function networks, kernel networks) · Semi-supervised learning - samoučení, generativní modely, Semi-Supervised Support Vector Machines, algoritmy založené na grafech (graph-based methods) · Pokročilé modely neuronových sítí - Echo State Network, Long Short Term Memory Network, autoenkodéry, konvoluční sítě, restricted boltzmann machines, deep networks","Podmínkou pro zakončení předmětu je získání zápočtu, který je udělován za prezentaci skupinových projektů vypracovaných na semináři.","[1] Trevor Hastie, Robert Tibshirani, Jerome Friedman. The elements of statistical learning. Vol. 2, no. 1., Springer, 2009. · [2] Alex A. Freitas. Data Mining and Knowledge Discovery with Evolutionary Algorithms, Springer, 2002. · [3] Yoshua Bengio, Ian J. Goodfellow, and Aaron Courville. Deep Learning. MIT Press, 2015 (in print), [online: http://www.iro.umontreal.ca/~bengioy/dlbook] · [4] Charu C. Aggarwal: Data Mining - The Textbook. Springer 2015, ISBN 978-3-319-14141-1 · [5] Thomas Bäck, Christophe Foussette, and Peter Krause. Contemporary Evolution Strategies. Springer Science & Business Media, 2013. · [6] P. Brazdil, C. Giraud Carrier, C. Soares, R. Vilalta: Metalearning. Springer, 2009."
NPFL123,"Předmět představuje podrobný úvod do architektury hlasových dialogových systémů, hlasových asistentů a konverzačních systémů (chatbotů). Budou představeny základní komponenty dialogových systémů (rozpoznávání řeči, porozumění, řízení dialogu, generování jazyka a řečová syntéza) i různé přístupy k jejich implementaci. Cvičení budou zaměřena na vlastní implementaci jednoduchého dialogového systému nebo některé konkrétní komponenty. Cílem předmětu je podat všeobecný přehled o dialogových systémech a vysvětlit základní principy fungování jejich jednotlivých komponent.","Sylabus · 1. Dialogové systémy a umělá inteligence - úvod · druhy dialogových systémů (doména, zaměření na splnění úkolu/konverzaci) · uplatnění dialogových systémů · základní komponenty dialogového systému (textového/hlasového) · reprezentace znalostí v dialogovém systému · chatboty, AIML · 2. Lingvistické základy pro zpracování dialogů · turn-taking, řečové akty · konverzační implikatury · grounding · koreference, anafora, deixe · 3. Data pro dialogové systémy, evaluace · specifická doména: Wizard-of-Oz · otevřená doména: zdroje dat, problémy (čistota, rizika učení se od uživatelů) · úspěšnost dialogu · problémy evaluace chatbotů · 4. Porozumění jazyku · Klasifikace vět · rozpoznání jmených entit · 5. Sledování stavu dialogu · reprezentace dialogu jako markovovský (MDP) nebo částečně pozorovatelný markovovský rozhodovací proces (POMDP) · 6. Řízení dialogu · využití zpětnovazebního učení · 7. Generování jazyka · šablony, pravidla · statistické generování · 8. Question answering a hlasoví asistenti · Alexa, Google, Siri etc. · báze a grafy znalostí · 9. Dialogové toolkity · intents, slots, entities · Alexa Skills, Google DialogFlow, IBM Watson Assistant · 10. Rozpoznávání řeči · zpracování řečového signálu · základní metody rozpoznávání · 11. Syntéza řeči · fonetika/akustika: tvoření hlásek, formanty · metody syntézy řeči · 12. Chatboty (open-domain dialog, společenská konverzace) · pravidlové chatboty · vyhledávání odpovědi v databázi · generativní modely · Hybridní systémy (Alexa Prize) · ** · Tento předmět je také součástí meziuniverzitního programu prg.ai Minor. Ten spojuje to nejlepší z výuky AI v Praze s cílem poskytnout studujícím hlubší a širší vhled do oboru umělé inteligence. Více informací je k dispozici na prg.ai/minor.","Složení zkoušky (písemný test založený na odpřednesené látce), plnění zápočtových úkolů na cvičení (implementační úlohy z oblasti dialogových systémů).","Základní: Jurafsky & Martin: Speech & Language processing. 3rd ed. draft (kap. 23-26, zejm. 24). https://web.stanford.edu/~jurafsky/slp3/ · Další: · McTear: Conversational AI: Dialogue Systems, Conversational Agents, and Chatbots. Morgan & Claypool 2021. · Jokinen & McTear: Spoken dialogue systems. Morgan & Claypool 2010. · Rieser & Lemon: Reinforcement learning for adaptive dialogue systems. Springer 2011. · McTear et al.: The Conversational Interface: Talking to Smart Devices. Springer 2016. · Gao et al.: Neural Approaches to Conversational AI: Question Answering, Task-oriented Dialogues and Social Chatbots. now publishers 2019. (arXiv:1809.08267)"
NDBI031,"Dobývání znalostí z dat spočívá metodologicky na strojovém učení, statistice a teorii databází. Tento předmět je prvním ze dvou zabývajících se souvislostí dobývání znalostí z dat a statistiky. Podává přehled statistických metod implementovaných v klíčových příkladech tří hlavních typů komerčních systémů pro dobývání znalostí z dat, jakož i v jednom akademickém systému, používaném na několika vysokých školách, včetně MFF. V letním semestru na něj volně navazuje předmět NAIL105 Internet a klasifikační metody. Naučit základní statistické metody dobývání znalostí z dat.","Dobývání znalostí z dat, které jako samostatná oblast na styku matematiky a informatiky existuje od první poloviny devadesátých let, spočívá metodologicky na strojovém učení, statistice a teorii databází. Zatímco metody strojového učení a databáze jsou náplní jiných přednášek, tento předmět je prvním ze dvou zabývajících se souvislostí dobývání znalostí z dat a statistiky. Podává přehled statistických metod implementovaných v klíčových příkladech tří hlavních typů komerčních systémů pro dobývání znalostí z dat, jakož i v jednom akademickém systému, používaném na několika vysokých školách, včetně MFF. V letním semestru na něj volně navazuje předmět DBI029: Statistické aspekty dobývání znalostí z dat. · Dobývání znalostí z dat a jeho souvislost se statistikou · Hlavní typy systémů pro dobývání znalostí z dat · Statistické metody v Clementine, příkladu obecného systému pro dobývání znalostí z dat · Statistické metody v DecisionSite, příkladu systému pro on-line podporu rozhodování pomocí dobývání znalostí z dat · Systém Matlab jako příklad univerzálnějšího systému zahrnujícího metody pro dobývání znalostí z dat · Popisné statistiky v systému Matlab · Lineární regrese a její zobecnění v systému Matlab · Mnohorozměrná statistická analýza v systému Matlab · Testování hypotéz v systému Matlab · 4FT-Miner - akademický systém pro dobývání znalostí z dat kombinující observační logiku a analýzu čtyřpolních tabulek · Kvantifikátory observační logiky založené na odhadech parametrů · Kvantifikátory observační logiky založené na testování hypotéz",Předvedení vysledků úkolů ze cvičení.,"Martin Holeňa. Statistické aspekty dobývání znalostí z dat. Praha, nakladatelství Karolinum, 2006, skripta. · M. Berthold, D.J. Hand. Intelligent Data Analysis. Berlin, Springer, 1999"
NPFL097,"Cílem přednášky je seznámit studenty se základními metodami neřízeného strojového učení (učení bez učitele) a s jejich aplikací ve zpracování přirozeného jazyka. Mezi probírané metody bude patřit Bayesovská inference, Expectation-Maximization, shluková analýza, metody využívající neuronové sítě a další aktuálně používané metody. Cvičení je zaměřeno na konkrétní implementace těchto metod na vybraných úlohách.","1. Úvod · 2. Model Beta-Bernoulli a Dirichlet-Categorial · 3. Modelování kolekcí dokumentů, Categorical Mixture models, Expectation-Maximization · 4. Gibbs Sampling, Latent Dirichlet Allocation · 5. Neřízená segmentace textu · 6. Neřízený tagging, word alignment, neřízená závistlotsní analýza · 7. K-means, Mixture of Gaussians, Hierarchical clustering, evaluace · 8. T-SNE, Principal Component Analysis, Independent Component Analysis · 9. Lingvistická interpretace neuronových sítí",Pro udělení zápočtu je třeba naimplementovat a včas odevzdat (zpravidla tři) zadané úlohy. Chybějící body lze získat v závěrečném testu. Závěrečný test lze opakovat.,"Christopher Bishop: Pattern Recognition and Machine Learning, Springer-Verlag New York, 2006 · Kevin P. Murphy: Machine Learning: A Probabilistic Perspective, The MIT Press, Cambridge, Massachusetts, 2012 · Kar Wi Lim, Wray Buntine, Changyou Chen, Lan Du: Nonparametric Bayesian topic modelling with the hierarchical Pitman-Yor processes, International Journal of Approximate Reasoning 78, Elsevier, 2016 · Kevin Knight: Bayesian Inference with Tears, 2009, http://www.isi.edu/natural-language/people/bayes-with-tears.pdf"
NPFL099,"Předmět představí pokročilé problémy a aktuální výzkum v oblasti dialogových systémů, hlasových asistentů a konverzačních systémů (chatbotů). Po stručném úvodu do tématu se bude zabývat především použitím strojového učení – zejména hlubokého učení/neuronových sítí – jak v jednotlivých částech tradiční architektury dialogových systémů, tak v tzv. end-to-end přístupech (spojování více komponent). Tento předmět volně navazuje na předmět NPFL123 Dialogové systémy, lze ho však absolvovat samostatně. Rozpoznávání a syntéza řeči se v předmětu probírá pouze okrajově.","Dialogové systémy - stručný úvod · uplatnění dialogových systémů · základní komponenty dialogového systému · reprezentace znalostí v dialogovém systému · data a evaluace · lingvistické aspekty dialogu · Porozumění jazyku (NLU) · sémantická reprezentace promluv · statistické metody pro NLU, včetně předtrénovaných jazykových modelů a velkých jazykových modelů (LLM) · Řízení dialogu · reprezentace dialogu jako (částečně pozorovatelný) markovovský rozhodovací proces (PO)MDP · sledování stavu dialogu · výběr optimální akce · zpětnovazební učení · simulace uživatele · hluboké zpětnovazební učení (pomocí neuronových sítí) · Generování odpovědi (NLG) · úvod do NLG, základní metody (šablony) · generování pomocí neuronových sítí, vč. LLM · End-to-end dialogové systémy · trénování z konverzací na omezené doméně · multi-task learning · vícedoménové systémy, few-shot learning · použití předtrénovaných jazykových modelů a LLM · Systémy pro otevřené domény (chatboty) · generativní systémy (sequence-to-sequence rekurentní sítě, Transformer, LLM) · vyhledávání informací · hybridní systémy · Etické otázky dialogových systémů · Multimodální systémy · klasické multimodální systémy · neuronové systémy, visual dialogue · multimodální LLM","Složení zkoušky (písemný test založený na odpřednesené látce), plnění zápočtových úkolů na cvičení (implementace modelů strojového učení pro dialogové systémy).","McTear: Conversational AI: Dialogue Systems, Conversational Agents, and Chatbots. Morgan & Claypool 2021. · Jurafsky & Martin: Speech & Language processing. 3rd ed. draft, kap. 24-25, https://web.stanford.edu/~jurafsky/slp3/ · Lemon & Pietquin (eds.): Data-Driven Methods for Adaptive Spoken Dialogue Systems. Springer 2012, http://www.springer.com/gb/book/9781461448020 · Rieser & Lemon: Reinforcement learning for adaptive dialogue systems. Springer 2011. http://www.springer.com/gp/book/9783642249419 · Jokinen & McTear: Spoken dialogue systems. Morgan & Claypool 2010. https://books.google.co.uk/books/about/Spoken_Dialogue_Systems.html?id=ualwulnD020C · McTear et al.: The Conversational Interface: Talking to Smart Devices. Springer 2016. · Gao et al.: Neural Approaches to Conversational AI: Question Answering, Task-oriented Dialogues and Social Chatbots. now publishers 2019. http://arxiv.org/abs/1809.08267 · Psutka et al.: Mluvíme s počítačem česky. Academia 2006. · + aktuální články z oboru"
NAIL106,Úvodní přednáška představující základní pojmy a metody různých oblastí multiagentních systémů. Představit základní pojmy a metody různých oblastí multiagentních systémů.,"Intelligentní agenti prostředí, abstraktní architektury. · Reaktivní a plánovití agenti, hybridní architektury. · Agenti založení na logice a zdůvodňování, BDI. · Komunikace, řečové akty, ACL. · Ontologie, OWL, KIF. · Distribuované řešení problémů, kooperace. · Multiagentní interakce, Nashova ekvilibria, Paretova efektivita. · Alokace zdrojů, aukce, smlouvání. · Metodologie návrhu multiagentních systémů, Gaia, role. · Jazyky a prostředí multiagentních systémů, JADE.",Ústní zkouška,"M. Wooldridge: An Introduction to Multiagent Systems, (2nd ed), 2009. · S. Russell, P. Norvig: Artificial Intelligence: A Modern Approach, (3rd ed), 2009. · G. Weiss (ed): Multiagent Systems (2nd ed), 2013. · Y. Shoham, K. Leyton-Brown: Multiagent systems: Algorithmic, Game-Theoretic, and Logical Foundations, 2009."
NPGR036,"Přednáška je zaměřena na základy počítačového vidění. Absolvent bude ovládat techniky počítačového vidění, zpracování a rozpoznávání obrazu, jako segmentace obrazu, detekce a sledování tváří, určování významných oblastí v obrazech, atd.","Snímanie obrazu, vlastnosti digitálneho obrazu · Farba, Modely farieb, Kvantovanie farieb · Matematická morfológia · Segmentácia obrazu (K-means, mean-shift, watershed) · Detekcia, popis a párovanie lokálnych príznakov, aplikácie · Detekcia a Sledovanie objektov (napr. tvárí), Optický tok · Významné oblasti v obraze, Sledovanie pohybu očí · Vyhľadávanie na základe obsahu",http://cgg.mff.cuni.cz/~sikudova/#teaching,"Algorithms for image processing and computer vision / J. R. Parker. New York : Wiley, 1997 · Richard Szeliski: Computer Vision, Algorithms and Applications. Springer, 2011. · Sonka, Hlavac, Boyle: Image Processing, Analysis, and Machine Vision. Cengage Learning; 4 edition, 2014 · Elena Šikudová, Zuzana Černeková, Vanda Benešová, Zuzana Haladová, Júlia Kučerová: Počítačové videnie. Detekcia a rozpoznávanie objektov, vydavateľstvo Wikina, Praha, ISBN: 978-80-87925-06-5"
NDBI048,"Kurz poskytne praktický úvod do problematiky data science. Na přednáškách budou probrány jednotlivé fáze data science projektu, související technologie a metody. Na cvičeních budou jednotlivé kroky aplikovány na reálná data. Část přednášek se zaměří také na specifika oblasti Big Data v kontextu data science. Přidanou hodnotou budou praktické zkušenosti z data science projektů firmy Profinit, tedy to, co se v učebnicích typicky najít nedá. Kurz je určen pro zaměření Analýza a zpracování rozsáhlých dat i pro studenty jiných zaměření, kteří chtějí získat základní přehled o oblasti data science.","Co je to data science, typické příklady použití. Data science desetiboj (přehled souvisejících metod, algoritmů a technologií). Mapa navazujících přednášek, organizace předmětu, požadavky na zápočet/zkoušku. · Motivace a problémy data science - pohled z praxe. Limity statistických metod, zkreslení. · Technologie pro data science I: přehled populárních zástupců (technologický stack), Python a data science. · Fáze data science projektu, metodika CRISP-DM. Business understanding, data understanding. · Metody explorace a vizualizace dat. · Tvorba srozumitelného reportu. · Příprava dat (čištění, transformace, extrakce příznaků, ...). · Modelování I: základní statistické modely a vyhodnocování výkonnosti. · Modelování II: aplikovaný bayesianismus. · Data science v moderních databázových systémech. · Big Data science, MapReduce a data science. · Apache Spark a data science. · Technologie pro data science II: MLops verzování, dokumentace, ... · Manažerský pohled na data science projekt.","V rámci cvičení každý student dostane (nebo si sám vybere a nechá cvičícím schválit) vhodnou reálnou datovou sadu. Nad ní postupně vyzkouší jednotlivé fáze data science projektu probírané na přednáškách. Výsledky prostupného zpracování dat shrne ve formě dvou písemných reportů (v polovině a na konci semestru), které budou bodově ohodnoceny. Zápočet bude udělen za daný minimální počet bodů. Body získané navíc budou přičteny k bodům z písemného zkouškového testu.","Sinan Ozdemir: Principles of Data Science · Tony Ojeda, Sean Patrick Murphy, Benjamin Bengfort, Abhijit Dasgupta: Practical Data Science Cookbook · Frank Kane: Hands-On Data Science and Python Machine Learning"
NAIL004,Referativní seminář o aktuálních teoretických i praktických otázkách na poli výzkumu umělé inteligence. Referáty vycházejí z publikovaných článků. Formou referátů naučit studenty připravit si prezentaci a sledovat aktuální poznatky z UI případně samostatně řešit vybrané problémy.,"Témata pro referované články a diskuse: · Reprezentace znalostí, znalostní inženýrství. · Splňování podmínek, logické odvozování. · Řešení úloh, hry, plánování. · Strojové učení, agentové systémy. · Aplikace UI.","Zápočet je udělen za vlastní prezentaci a aktivní účast na minimálně 80% seminářů. Po schválení vyučujícím a pouze ve zvláštních případech, je možné prezentaci a osobní účast nahradit písemnou zprávou. Zápočet se opakovat nedá.",Sborníky konferencí · AAAI Conference on Artificial Intelligence · International Joint Conference on Artificial Intelligence · European Conference on Artificial Intelligence · Časopisy · Artificial Intelligence · Journal of Artificial Intelligence Research
NAIL052,Referativní seminář o aktuálních teoretických i praktických otázkách na poli výzkumu umělé inteligence. Referáty vycházejí z publikovaných článků. Formou referátů naučit studenty připravit si prezentaci a sledovat aktuální poznatky z UI případně samostatně řešit vybrané problémy.,"Témata pro referované články a diskuse: · Reprezentace znalostí, znalostní inženýrství. · Splňování podmínek, logické odvozování. · Řešení úloh, hry, plánování. · Strojové učení, agentové systémy. · Aplikace UI.","Zápočet je udělen za vlastní prezentaci a aktivní účast na minimálně 80% seminářů. Po schválení vyučujícím a pouze ve zvláštních případech, je možné prezentaci a osobní účast nahradit písemnou zprávou. Zápočet se opakovat nedá.",Sborníky konferencí · AAAI Conference on Artificial Intelligence · International Joint Conference on Artificial Intelligence · European Conference on Artificial Intelligence · Časopisy · Artificial Intelligence · Journal of Artificial Intelligence Research
NAIL100,"Seminář strojového učení a modelování se zabývá metodami strojového učení a modelování na základě dat. Na semináři se střídají vystoupení diplomantů a doktorandů z MFF, FJFI a FEL a zvanými přednáškami vědeckých pracovníků z této oblasti, příležitostně i zahraničních návštěv. Vítáme ale i studenty, kteří mají chuť poreferovat o nějaké zajímavé knížce nebo článku z oblasti strojového učení či modelování na základě dat. Umožnit navazování a udržování kontaktů mezi diplomanty a doktorandy z MFF a ČVUT pracujícími na tématech z oblastí strojové učení a modelování na základě dat. Zprostředkovat jim výměnu zkušeností mezi sebou i s vědeckými pracovníky z těchto oblastí zvanými na seminář. Poskytnout jim feedback a inspirující nápady.","Seminář strojového učení a modelování se schází jednou za dva týdny v rozsahu 2 vyučovacích hodin. Níže uvedené příklady témat dokumentují, čím se účastníci semináře zabývali v minulých letech, v žádném případě není myšlený jako omezení pro budoucí účastníky. Vítána jsou všechna témata, která nějakým způsobem souvisí se strojovým učením nebo modelováním na základě dat. · Příklady témat probíraných na semináři · Učení pravidel z dat, učení booleovských a fuzzy pravidel. · ? Asociační a klasifikační pravidla. · Induktivní inference, induktivní logické programování. · Případové učení, transduktivní inference. · Statistické učení, PAC učení. · Shlukování na základě podobnosti, shlukování samoorganizací. · Evoluční učení, evoluční získávání pravidel z dat. · Genetické algoritmy, genetické programování. · Evoluční algoritmy založené na diferenční evoluci a odhadech rozdělení pravděpodobnosti. · Učení umělých neuronových sítí (s učitelem i bez učitele). · Perceptrony a vícevrstvé perceptrony. · Neuronové sítě s radiálními bázovými funkcemi. · Samoorganizující mapy, kombinování neuronových sítí a evolučních algoritmů. · Klasifikace a regrese pomocí opěrných vektorů (support vector machines). · Hierarchické regresní modely. · Rozhodovací stromy pro klasifikaci a regresi. · Kombinování rozhodovacích stromů do náhodných lesů. · Obecné metody kombinování klasifikátorů, ensemblové metody. · Fuzzy aggregace klasifikátorů, fuzzy klasifikace. · Obecné metody kombinování regresních modelů, spolehlivost predikce. · Vizualizace dat, vizualizace modelů zkonstruovaných na základě dat. · Aplikace metod strojového učení ve fyzice, chemii, biologii a počítačových hrách. · Aplikace modelů získávaných z dat v přírodních vědách a v technice.","K získání zápočtu za tento předmět stačí pasivní účast na všech seminářích (s výjimkou omluvené neúčasti), avšak ve dvou různých semestrech. Tyto semestry nemusí být po sobě následující, může mezi nimi být i delší časový odstup.","Vzhledem k tomu, že přednášející na semináři referují právě probíhající výzkum, není k němu ještě žádná publikovaná literatura."
NMAI165,"V rámci praktika se jedná především o prohloubení poznatků získaných během přednášky NMAI060 Pravděpodobnostní modely formou cvičení. Předpokládají se znalosti v rozsahu přednášky kursu. Detailně budou probírány více či méně obtížné úlohy s praktickými aplikacemi z oblasti informatiky. Jedná se prakticky o cvičení k přednášce NMAI060 Pravděpodobnostní modely, na němž je možné si odpřednášené pojmy procvičit na netriviálních úlohách.","• Diskrétní a spojité náhodné veličiny a jejich charakteristiky. · • Rekurentní jevy, klasifikace a aplikace. · • Markovovy řetězce s diskrétními stavy a diskrétním časem; klasifikace stavů, pojem stacionárního rozdělení, výpočet pravděpodobností pohlcení a doby do pohlcení, apod. · • Exponenciální rozdělení, jeho vlastnosti a aplikace. · • Markovovy procesy s diskrétními stavy a spojitým časem. · • Modely zrodu a zániku. · • Základy teorie front, modelování obslužných zařízení. · • Poissonův proces a jeho aplikace. · • Durbinův-Watsonův větvící se proces a jeho aplikace. · • Simulace náhodných objektů studovaných v přednášce.",Zápočet bude udělen za: 1. Účast na všech hodinách (maximálně 3 absence). 2. Aktivní práci ve výuce. 3. Vyřešení všech domácích úkolů zadaných v přednášce NMAI060 jako cvičení.,"Feller W., An Introduction to Probability Theory and its Applications, 3rd ed. J. Wiley, New York, 2008. · Prášková Z., Lachout P. Základy náhodných procesů, Karolinum, Praha 1998. · Ross S.M. Introduction to Probability Models, 9th ed. Academic Press, Elsevier, London. · Lawler, G.F., Introduction to Stochastic Processes, Second Edition. Chapman and Hall/CRC, Boca Raton, 2006."
