kod,paralelka,typ,jazyk,zapsano,kapacita,skupiny
NAIL002,26aNAIL002p1,P,angličtina,0,38,M#17NBINF4 M#18NBINF4 M#19NBINF5 N#IN320 N#IN620 N#IN914 N#IN952
NAIL002,26aNAIL002p1b,P,angličtina,0,38,M#17NBINF4 M#18NBINF4 M#19NBINF5 N#IN320 N#IN620 N#IN914 N#IN952
NAIL002,26aNAIL002x01,X,angličtina,0,19,M#17NBINF4 M#18NBINF4 M#19NBINF5 N#IN320 N#IN620 N#IN914 N#IN952
NAIL002,26aNAIL002x02,X,angličtina,0,19,M#17NBINF4 M#18NBINF4 M#19NBINF5 N#IN320 N#IN620 N#IN914 N#IN952
NAIL004,26aNAIL004x01,X,čeština,0,,N#IN914 N#IN952
NAIL021,26aNAIL021p1,P,čeština,0,,N#IN320 N#IN620 N#IN914 N#IN920 N#IN921 N#IN922 N#IN952 N#MM309 N#MM509 N#MM609 N#XI320 N#XI620 N#XI914 N#XI920 N#XI921 N#XI922 N#XI952 N#XL309 N#XL509 N#XL609
NAIL025,26aNAIL025p1,P,angličtina,0,,N#IN320 N#IN620 N#IN914 N#IN952
NAIL025,26aNAIL025x01,X,angličtina,0,25,N#IN320 N#IN620 N#IN914 N#IN952
NAIL025,26aNAIL025x02,X,angličtina,0,25,N#IN320 N#IN620 N#IN914 N#IN952
NAIL025,26aNAIL025x03,X,čeština,0,25,N#IN320 N#IN620 N#IN914 N#IN952
NAIL069,26aNAIL069p1,P,čeština,0,,M#17NBINF4 M#18NBINF4 M#19NBINF5 N#IN320 N#IN620 N#IN914 N#IN916 N#IN952 N#IN953
NAIL069,26aNAIL069p2,P,angličtina,0,50,M#17NBINF4 M#18NBINF4 M#19NBINF5 N#IN320 N#IN620 N#IN914 N#IN916 N#IN952 N#IN953
NAIL069,26aNAIL069x01,X,angličtina,0,0,M#17NBINF4 M#18NBINF4 M#19NBINF5 N#IN320 N#IN620 N#IN914 N#IN916 N#IN952 N#IN953
NAIL069,26aNAIL069x02,X,čeština,0,30,M#17NBINF4 M#18NBINF4 M#19NBINF5 N#IN320 N#IN620 N#IN914 N#IN916 N#IN952 N#IN953
NAIL069,26aNAIL069x03,X,čeština,0,30,M#17NBINF4 M#18NBINF4 M#19NBINF5 N#IN320 N#IN620 N#IN914 N#IN916 N#IN952 N#IN953
NAIL069,26aNAIL069x04,X,čeština,0,30,M#17NBINF4 M#18NBINF4 M#19NBINF5 N#IN320 N#IN620 N#IN914 N#IN916 N#IN952 N#IN953
NAIL069,26aNAIL069x05,X,čeština,0,0,M#17NBINF4 M#18NBINF4 M#19NBINF5 N#IN320 N#IN620 N#IN914 N#IN916 N#IN952 N#IN953
NAIL087,26aNAIL087p1,P,angličtina,0,,N#IN320 N#IN620 N#IN914 N#IN952 N#XI320 N#XI620 N#XI914 N#XI952
NAIL087,26aNAIL087x01,X,angličtina,0,,N#IN320 N#IN620 N#IN914 N#IN952 N#XI320 N#XI620 N#XI914 N#XI952
NAIL099,26aNAIL099x01,X,čeština,0,,
NAIL099,26aNAIL099x02,X,čeština,0,,
NAIL104,26aNAIL104p1,P,čeština,0,,N#IN914 N#IN952 N#XI914 N#XI952
NAIL109,26aNAIL109x01,X,čeština,0,,
NAIL109,26aNAIL109x01b,X,čeština,0,,
NAIL116,26aNAIL116p1,P,angličtina,0,40,N#IN914 N#IN952
NAIL116,26aNAIL116x01,X,angličtina,0,20,N#IN914 N#IN952
NAIL116,26aNAIL116x02,X,angličtina,0,20,N#IN914 N#IN952
NAIL138,26aNAIL138p1,P,čeština,0,,
NAIL138,26aNAIL138x01,X,čeština,0,,
NDBI021,26aNDBI021p1,P,čeština,0,,N#IN040 N#IN329 N#IN330 N#IN334 N#IN338 N#IN339 N#IN340 N#IN341 N#IN346 N#IN946 N#IN949 N#IN950 N#MP030
NDBI021,26aNDBI021x01,X,čeština,0,,N#IN040 N#IN329 N#IN330 N#IN334 N#IN338 N#IN339 N#IN340 N#IN341 N#IN346 N#IN946 N#IN949 N#IN950 N#MP030
NDBI048,26aNDBI048p1,P,čeština,0,,
NDBI048,26aNDBI048x01,X,čeština,0,,
NMAI060,26aNMAI060p1,P,čeština,0,,N#FL001 N#IN004 N#IN005 N#IN007 N#IN303 N#IN304 N#IN309 N#IN320 N#IN321 N#IN324 N#IN327 N#IN328 N#IN333 N#IN344 N#IN354 N#IN620 N#IN913 N#IN915 N#IN927 N#IN932 N#IN946 N#IN949 N#IN950 N#XC001 N#XI004 N#XI005 N#XI303 N#XI304 N#XI309 N#XI320 N#XI321 N#XI344 N#XI354 N#XI620 N#XI913 N#XI915 N#XI927 N#XI932 N#XI946 N#XI949 N#XI950
NMAI060,26aNMAI060p2,P,angličtina,0,,N#FL001 N#IN004 N#IN005 N#IN007 N#IN303 N#IN304 N#IN309 N#IN320 N#IN321 N#IN324 N#IN327 N#IN328 N#IN333 N#IN344 N#IN354 N#IN620 N#IN913 N#IN915 N#IN927 N#IN932 N#IN946 N#IN949 N#IN950 N#XC001 N#XI004 N#XI005 N#XI303 N#XI304 N#XI309 N#XI320 N#XI321 N#XI344 N#XI354 N#XI620 N#XI913 N#XI915 N#XI927 N#XI932 N#XI946 N#XI949 N#XI950
NMAI073,26aNMAI073p1,P,angličtina,0,90,
NMAI073,26aNMAI073x01,X,angličtina,0,43,
NMAI073,26aNMAI073x02,X,angličtina,0,42,
NMAI165,26aNMAI165x01,X,čeština,0,,
NMAI165,26aNMAI165x02,X,angličtina,0,,
NMSA331,26aNMSA331p1,P,čeština,0,,N#MP112 N#MP134 N#OM630 N#OM650 N#OM651 N#XV650 N#XV651
NMSA331,26aNMSA331p1b,P,čeština,0,,N#MP112 N#MP134 N#OM630 N#OM650 N#OM651 N#XV650 N#XV651
NMSA331,26aNMSA331x01,X,čeština,0,20,N#MP112 N#MP134 N#OM630 N#OM650 N#OM651 N#XV650 N#XV651
NMSA331,26aNMSA331x02,X,čeština,0,20,N#MP112 N#MP134 N#OM630 N#OM650 N#OM651 N#XV650 N#XV651
NOPT021,26aNOPT021p1,P,angličtina,0,,N#IN310 N#IN325 N#IN336 N#IN914 N#IN952 N#XI310 N#XI325 N#XI336 N#XI914 N#XI952
NOPT021,26aNOPT021x01,X,čeština,0,,N#IN310 N#IN325 N#IN336 N#IN914 N#IN952 N#XI310 N#XI325 N#XI336 N#XI914 N#XI952
NPFL097,26aNPFL097p1,P,angličtina,0,,N#IN914 N#IN952 N#XI914 N#XI952
NPFL097,26aNPFL097x01,X,angličtina,0,,N#IN914 N#IN952 N#XI914 N#XI952
NPFL099,26aNPFL099p1,P,angličtina,0,,N#IN024 N#IN025 N#IN364 N#IN624 N#IN630 N#IN924 N#IN930
NPFL099,26aNPFL099x01,X,angličtina,0,,N#IN024 N#IN025 N#IN364 N#IN624 N#IN630 N#IN924 N#IN930
NPFL118,26aNPFL118x01,X,angličtina,0,,
NPFL147,26aNPFL147p1,P,angličtina,0,,
NPFL147,26aNPFL147x01,X,angličtina,0,,
NPGR002,26aNPGR002p1,P,čeština,0,,N#IB651 N#IN329 N#IN330 N#IN334 N#IN338 N#IN339 N#IN340 N#IN341 N#IN346 N#MM609 N#MM711 N#OI634 N#OI635 N#OI636 N#OI644 N#OM650 N#OM651 N#PR634 N#PR644 N#PR645 N#SD639 N#SD649
NPGR035,26aNPGR035p1,P,čeština,0,25,
NPGR035,26aNPGR035p2,P,angličtina,0,5,
NPGR035,26aNPGR035x01,X,angličtina,0,15,
NPGR035,26aNPGR035x02,X,angličtina,0,15,
NPGR035,26aNPGR035x03,X,angličtina,0,15,
NPRG070,26aNPRG070x01,X,čeština,0,,N#IA025 N#MI030 N#MP030
NSWI035,26aNSWI035p1,P,čeština,0,,N#IN322 N#IN329 N#IN330 N#IN334 N#IN338 N#IN339 N#IN340 N#IN341 N#IN346 N#IN916 N#IN946 N#IN947 N#IN948 N#IN949 N#IN950 N#IN951 N#IN953 N#XI322 N#XI329 N#XI330 N#XI334 N#XI338 N#XI339 N#XI340 N#XI341 N#XI346 N#XI916 N#XI946 N#XI947 N#XI948 N#XI949 N#XI950 N#XI951 N#XI953
NSWI035,26aNSWI035p2,P,angličtina,0,,N#IN322 N#IN329 N#IN330 N#IN334 N#IN338 N#IN339 N#IN340 N#IN341 N#IN346 N#IN916 N#IN946 N#IN947 N#IN948 N#IN949 N#IN950 N#IN951 N#IN953 N#XI322 N#XI329 N#XI330 N#XI334 N#XI338 N#XI339 N#XI340 N#XI341 N#XI346 N#XI916 N#XI946 N#XI947 N#XI948 N#XI949 N#XI950 N#XI951 N#XI953
NTIN066,26aNTIN066p1,P,čeština,0,,N#IN001 N#IN002 N#IN301 N#IN309 N#IN318 N#IN319 N#IN323 N#IN343 N#IN353 N#IN363 N#IN623 N#IN902 N#IN913 N#IN915 N#IN923 N#IN926 N#IN927 N#IN928 N#IN931 N#IN932 N#IN933 N#MI030 N#MP030 N#XI001 N#XI002 N#XI301 N#XI309 N#XI318 N#XI319 N#XI323 N#XI343 N#XI353 N#XI363 N#XI623 N#XI902 N#XI913 N#XI915 N#XI923 N#XI926 N#XI927 N#XI928 N#XI931 N#XI932 N#XI933
NTIN066,26aNTIN066x01,X,čeština,0,25,N#IN001 N#IN002 N#IN301 N#IN309 N#IN318 N#IN319 N#IN323 N#IN343 N#IN353 N#IN363 N#IN623 N#IN902 N#IN913 N#IN915 N#IN923 N#IN926 N#IN927 N#IN928 N#IN931 N#IN932 N#IN933 N#MI030 N#MP030 N#XI001 N#XI002 N#XI301 N#XI309 N#XI318 N#XI319 N#XI323 N#XI343 N#XI353 N#XI363 N#XI623 N#XI902 N#XI913 N#XI915 N#XI923 N#XI926 N#XI927 N#XI928 N#XI931 N#XI932 N#XI933
NTIN066,26aNTIN066x02,X,čeština,0,25,N#IN001 N#IN002 N#IN301 N#IN309 N#IN318 N#IN319 N#IN323 N#IN343 N#IN353 N#IN363 N#IN623 N#IN902 N#IN913 N#IN915 N#IN923 N#IN926 N#IN927 N#IN928 N#IN931 N#IN932 N#IN933 N#MI030 N#MP030 N#XI001 N#XI002 N#XI301 N#XI309 N#XI318 N#XI319 N#XI323 N#XI343 N#XI353 N#XI363 N#XI623 N#XI902 N#XI913 N#XI915 N#XI923 N#XI926 N#XI927 N#XI928 N#XI931 N#XI932 N#XI933
NTIN066,26aNTIN066x03,X,čeština,0,30,N#IN001 N#IN002 N#IN301 N#IN309 N#IN318 N#IN319 N#IN323 N#IN343 N#IN353 N#IN363 N#IN623 N#IN902 N#IN913 N#IN915 N#IN923 N#IN926 N#IN927 N#IN928 N#IN931 N#IN932 N#IN933 N#MI030 N#MP030 N#XI001 N#XI002 N#XI301 N#XI309 N#XI318 N#XI319 N#XI323 N#XI343 N#XI353 N#XI363 N#XI623 N#XI902 N#XI913 N#XI915 N#XI923 N#XI926 N#XI927 N#XI928 N#XI931 N#XI932 N#XI933
NTIN066,26aNTIN066x04,X,čeština,0,30,N#IN001 N#IN002 N#IN301 N#IN309 N#IN318 N#IN319 N#IN323 N#IN343 N#IN353 N#IN363 N#IN623 N#IN902 N#IN913 N#IN915 N#IN923 N#IN926 N#IN927 N#IN928 N#IN931 N#IN932 N#IN933 N#MI030 N#MP030 N#XI001 N#XI002 N#XI301 N#XI309 N#XI318 N#XI319 N#XI323 N#XI343 N#XI353 N#XI363 N#XI623 N#XI902 N#XI913 N#XI915 N#XI923 N#XI926 N#XI927 N#XI928 N#XI931 N#XI932 N#XI933
NTIN066,26aNTIN066x05,X,čeština,0,25,N#IN001 N#IN002 N#IN301 N#IN309 N#IN318 N#IN319 N#IN323 N#IN343 N#IN353 N#IN363 N#IN623 N#IN902 N#IN913 N#IN915 N#IN923 N#IN926 N#IN927 N#IN928 N#IN931 N#IN932 N#IN933 N#MI030 N#MP030 N#XI001 N#XI002 N#XI301 N#XI309 N#XI318 N#XI319 N#XI323 N#XI343 N#XI353 N#XI363 N#XI623 N#XI902 N#XI913 N#XI915 N#XI923 N#XI926 N#XI927 N#XI928 N#XI931 N#XI932 N#XI933
NTIN066,26aNTIN066x06,X,čeština,0,25,N#IN001 N#IN002 N#IN301 N#IN309 N#IN318 N#IN319 N#IN323 N#IN343 N#IN353 N#IN363 N#IN623 N#IN902 N#IN913 N#IN915 N#IN923 N#IN926 N#IN927 N#IN928 N#IN931 N#IN932 N#IN933 N#MI030 N#MP030 N#XI001 N#XI002 N#XI301 N#XI309 N#XI318 N#XI319 N#XI323 N#XI343 N#XI353 N#XI363 N#XI623 N#XI902 N#XI913 N#XI915 N#XI923 N#XI926 N#XI927 N#XI928 N#XI931 N#XI932 N#XI933
NTIN066,26aNTIN066x07,X,čeština,0,0,N#IN001 N#IN002 N#IN301 N#IN309 N#IN318 N#IN319 N#IN323 N#IN343 N#IN353 N#IN363 N#IN623 N#IN902 N#IN913 N#IN915 N#IN923 N#IN926 N#IN927 N#IN928 N#IN931 N#IN932 N#IN933 N#MI030 N#MP030 N#XI001 N#XI002 N#XI301 N#XI309 N#XI318 N#XI319 N#XI323 N#XI343 N#XI353 N#XI363 N#XI623 N#XI902 N#XI913 N#XI915 N#XI923 N#XI926 N#XI927 N#XI928 N#XI931 N#XI932 N#XI933
NTIN090,26aNTIN090p1,P,čeština,0,,N#IN309 N#IN323 N#IN343 N#IN353 N#IN363 N#IN623 N#IN902 N#IN913 N#IN915 N#IN923 N#IN926 N#IN927 N#IN928 N#IN931 N#IN932 N#IN933 N#MI030 N#MI306 N#MI905 N#MM734 N#MM754 N#MM834 N#MP030
NTIN090,26aNTIN090p2,P,angličtina,0,70,N#IN309 N#IN323 N#IN343 N#IN353 N#IN363 N#IN623 N#IN902 N#IN913 N#IN915 N#IN923 N#IN926 N#IN927 N#IN928 N#IN931 N#IN932 N#IN933 N#MI030 N#MI306 N#MI905 N#MM734 N#MM754 N#MM834 N#MP030
NTIN090,26aNTIN090x01,X,čeština,0,26,N#IN309 N#IN323 N#IN343 N#IN353 N#IN363 N#IN623 N#IN902 N#IN913 N#IN915 N#IN923 N#IN926 N#IN927 N#IN928 N#IN931 N#IN932 N#IN933 N#MI030 N#MI306 N#MI905 N#MM734 N#MM754 N#MM834 N#MP030
NTIN090,26aNTIN090x02,X,čeština,0,24,N#IN309 N#IN323 N#IN343 N#IN353 N#IN363 N#IN623 N#IN902 N#IN913 N#IN915 N#IN923 N#IN926 N#IN927 N#IN928 N#IN931 N#IN932 N#IN933 N#MI030 N#MI306 N#MI905 N#MM734 N#MM754 N#MM834 N#MP030
NTIN090,26aNTIN090x03,X,čeština,0,24,N#IN309 N#IN323 N#IN343 N#IN353 N#IN363 N#IN623 N#IN902 N#IN913 N#IN915 N#IN923 N#IN926 N#IN927 N#IN928 N#IN931 N#IN932 N#IN933 N#MI030 N#MI306 N#MI905 N#MM734 N#MM754 N#MM834 N#MP030
NTIN090,26aNTIN090x04,X,čeština,0,30,N#IN309 N#IN323 N#IN343 N#IN353 N#IN363 N#IN623 N#IN902 N#IN913 N#IN915 N#IN923 N#IN926 N#IN927 N#IN928 N#IN931 N#IN932 N#IN933 N#MI030 N#MI306 N#MI905 N#MM734 N#MM754 N#MM834 N#MP030
NTIN090,26aNTIN090x05,X,angličtina,0,5,N#IN309 N#IN323 N#IN343 N#IN353 N#IN363 N#IN623 N#IN902 N#IN913 N#IN915 N#IN923 N#IN926 N#IN927 N#IN928 N#IN931 N#IN932 N#IN933 N#MI030 N#MI306 N#MI905 N#MM734 N#MM754 N#MM834 N#MP030
NTIN090,26aNTIN090x06,X,čeština,0,30,N#IN309 N#IN323 N#IN343 N#IN353 N#IN363 N#IN623 N#IN902 N#IN913 N#IN915 N#IN923 N#IN926 N#IN927 N#IN928 N#IN931 N#IN932 N#IN933 N#MI030 N#MI306 N#MI905 N#MM734 N#MM754 N#MM834 N#MP030
NTIN090,26aNTIN090x07,X,čeština,0,30,N#IN309 N#IN323 N#IN343 N#IN353 N#IN363 N#IN623 N#IN902 N#IN913 N#IN915 N#IN923 N#IN926 N#IN927 N#IN928 N#IN931 N#IN932 N#IN933 N#MI030 N#MI306 N#MI905 N#MM734 N#MM754 N#MM834 N#MP030
