kod,nazev,anglicky,semestr,kredity,rozsah,examinace,stav,forma,pracoviste,garant,vyucujici,neslucitelnost
NAIL069,Umělá inteligence 1,Artificial Intelligence 1,zimní,4,2/1,Z+Zk,vyučován,přednáška+cvičení,Katedra teoretické informatiky a matematické logiky (32-KTIML),"prof. RNDr. Roman Barták, Ph.D.","prof. RNDr. Roman Barták, Ph.D. RNDr. Jiří Fink, Ph.D. RNDr. Jiří Švancara, Ph.D.",
NTIN066,Datové struktury 1,Data Structures 1,oba,6,2/2,Z+Zk,vyučován,přednáška+cvičení,Katedra teoretické informatiky a matematické logiky (32-KTIML),"prof. Mgr. Michal Koucký, Ph.D. RNDr. Jiří Fink, Ph.D. Mgr. Martin Mareš, Ph.D.","RNDr. Jiří Fink, Ph.D. doc. Mgr. Petr Gregor, Ph.D. Mgr. Petr Chmel RNDr. David Mareček, Ph.D. Mgr. Pavel Veselý, Ph.D.",NTIX066
NTIN090,Základy složitosti a vyčíslitelnosti,Introduction to Complexity and Computability,zimní,4,2/1,Z+Zk,vyučován,přednáška+cvičení,Katedra teoretické informatiky a matematické logiky (32-KTIML),"prof. RNDr. Ondřej Čepek, Ph.D. RNDr. Petr Kučera, Ph.D.","RNDr. Petr Kučera, Ph.D. Mgr. Vladan Majerech, Dr.","NTIN062 , NTIX090 , NUPA038"
NAIL070,Umělá inteligence 2,Artificial Intelligence 2,letní,3,2/0,Zk,vyučován,přednáška,Katedra teoretické informatiky a matematické logiky (32-KTIML),"prof. RNDr. Roman Barták, Ph.D.","prof. RNDr. Roman Barták, Ph.D.",
NSZZ023,Diplomová práce I,Diploma Thesis I,oba,6,0/4,Z,vyučován,cvičení,Studijní oddělení (32-STUD),,,
NSZZ024,Diplomová práce II,Diploma Thesis II,oba,9,0/6,Z,vyučován,cvičení,Studijní oddělení (32-STUD),,,
NSZZ025,Diplomová práce III,Diploma Thesis III,oba,15,0/10,Z,vyučován,cvičení,Studijní oddělení (32-STUD),,,
NAIL002,Neuronové sítě,Neural Networks,zimní,8,4/2,Z+Zk,vyučován,přednáška+cvičení,Katedra teoretické informatiky a matematické logiky (32-KTIML),"doc. RNDr. Iveta Mrázová, CSc. RNDr. František Mráz, CSc.","RNDr. František Mráz, CSc. doc. RNDr. Iveta Mrázová, CSc.",NAIX002
NAIL060,Implementace neuronových sítí 1,Neural Networks Implementation 1,zimní,5,2/2,Z+Zk,nevyučován,přednáška+cvičení,Katedra teoretické informatiky a matematické logiky (32-KTIML),"RNDr. Petr Božovský, CSc.",,
NAIL013,Aplikace teorie neuronových sítí,Applications of Neural Networks Theory,letní,3,2/0,Zk,vyučován,přednáška,Katedra teoretické informatiky a matematické logiky (32-KTIML),"doc. RNDr. Iveta Mrázová, CSc.","RNDr. František Mráz, CSc. doc. RNDr. Iveta Mrázová, CSc.",
NAIL029,Strojové učení,Machine Learning,letní,3,2/0,Zk,vyučován,přednáška,Katedra teoretické informatiky a matematické logiky (32-KTIML),"Mgr. Marta Vomlelová, Ph.D.","Mgr. Marta Vomlelová, Ph.D.",
NPFL147,Statistické metody zpracování přirozených jazyků,Statistical Methods in Natural Language Processing,zimní,6,2/2,Z+Zk,vyučován,přednáška+cvičení,Ústav formální a aplikované lingvistiky (32-UFAL),"doc. RNDr. Pavel Pecina, Ph.D.","Mgr. Jindřich Helcl, Ph.D. doc. RNDr. Pavel Pecina, Ph.D.",
NAIL025,Evoluční algoritmy 1,Evolutionary Algorithms 1,zimní,5,2/2,Z+Zk,vyučován,přednáška+cvičení,Katedra teoretické informatiky a matematické logiky (32-KTIML),"Mgr. Roman Neruda, CSc.","Mgr. Roman Neruda, CSc. doc. Mgr. Martin Pilát, Ph.D.",
NAIL107,Strojové učení v bioinformatice,Machine Learning in Bioinformatics,letní,5,2/2,Z+Zk,vyučován,přednáška+cvičení,Katedra softwaru a výuky informatiky (32-KSVI),"RNDr. František Mráz, CSc.","RNDr. František Mráz, CSc.",
NDBI023,Dobývání znalostí,Data Mining,letní,5,2/2,Z+Zk,vyučován,přednáška+cvičení,Katedra teoretické informatiky a matematické logiky (32-KTIML),"doc. RNDr. Iveta Mrázová, CSc. RNDr. František Mráz, CSc.","RNDr. František Mráz, CSc. doc. RNDr. Iveta Mrázová, CSc.",
NAIL116,Sociální sítě a jejich analýza,Social networks and their analysis,zimní,5,2/2,Z+Zk,vyučován,přednáška+cvičení,Katedra teoretické informatiky a matematické logiky (32-KTIML),"doc. RNDr. Iveta Mrázová, CSc. RNDr. František Mráz, CSc.","RNDr. František Mráz, CSc. doc. RNDr. Iveta Mrázová, CSc.",
NAIL105,Internet a klasifikační metody,Internet and Classification Methods,letní,2,1/1,Z+Zk,vyučován,přednáška+bloková cvičení,Katedra teoretické informatiky a matematické logiky (32-KTIML),"prof. RNDr. Ing. Martin Holeňa, CSc.","Mgr. Vojtěch Bláha prof. RNDr. Ing. Martin Holeňa, CSc.",
NPFL138,Hluboké učení,Deep Learning,letní,8,3/4,Z+Zk,vyučován,přednáška+cvičení,Ústav formální a aplikované lingvistiky (32-UFAL),"RNDr. Milan Straka, Ph.D.","RNDr. Milan Straka, Ph.D.",NPFL114
NPFL139,Hluboké zpětnovazební učení,Deep Reinforcement Learning,letní,8,3/4,Z+Zk,vyučován,přednáška+cvičení,Ústav formální a aplikované lingvistiky (32-UFAL),"RNDr. Milan Straka, Ph.D.","RNDr. Milan Straka, Ph.D.",NPFL122
NMAI073,Pravděpodobnost a statistika 2,Probability and Statistics 2,zimní,5,2/2,Z+Zk,vyučován,přednáška+cvičení,Informatický ústav Univerzity Karlovy (32-IUUK),"doc. Mgr. Robert Šámal, Ph.D.","Mgr. Václav Rozhoň, Ph.D. doc. Mgr. Robert Šámal, Ph.D. Bc. Josef Tkadlec, Ph.D.",NMAX073
NAIL104,Pravděpodobnostní grafické modely,Probabilistic graphical models,zimní,3,2/0,Zk,vyučován,přednáška,Katedra teoretické informatiky a matematické logiky (32-KTIML),"Mgr. Marta Vomlelová, Ph.D.","Mgr. Marta Vomlelová, Ph.D.",
NAIL138,"Neuronové sítě, strojové učení a náhodnost","Neural networks, machine learning, and randomness",zimní,3,1/1,Z+Zk,vyučován,přednáška+cvičení,Katedra teoretické informatiky a matematické logiky (32-KTIML),"prof. RNDr. Ing. Martin Holeňa, CSc.","prof. RNDr. Ing. Martin Holeňa, CSc.",
NPFL140,Velké jazykové modely,Large Language Models,letní,3,0/2,Z,vyučován,seminář,Ústav formální a aplikované lingvistiky (32-UFAL),"Mgr. Jindřich Helcl, Ph.D. Mgr. Jindřich Libovický, Ph.D.","Mgr. et Mgr. Ondřej Dušek, Ph.D. Mgr. Jindřich Helcl, Ph.D. Ing. Zdeněk Kasner, Ph.D. Mgr. Jindřich Libovický, Ph.D. Mgr. Dominik Macháček, Ph.D. Mgr. Tomáš Musil, Ph.D. Mgr. Michal Novák, Ph.D. Mgr. Peter Polák, Ph.D. Mgr. Rudolf Rosa, Ph.D.",
NAIL015,Implementace neuronových sítí 2,Neural Networks Implementation 2,letní,5,2/2,Z+Zk,nevyučován,přednáška+cvičení,Katedra teoretické informatiky a matematické logiky (32-KTIML),"RNDr. Petr Božovský, CSc.",,
NMAI060,Pravděpodobnostní metody,Probabilistic Methods,zimní,3,2/0,Zk,vyučován,přednáška,Katedra softwarového inženýrství (32-KSI),"prof. RNDr. Jaromír Antoch, CSc.","prof. RNDr. Jaromír Antoch, CSc.",
NAIL099,Seminář strojového učení a modelování 1,Seminar of machine learning and modelling 1,zimní,2,0/1,Z,vyučován,seminář,Katedra teoretické informatiky a matematické logiky (32-KTIML),"prof. RNDr. Ing. Martin Holeňa, CSc.","prof. RNDr. Ing. Martin Holeňa, CSc.",
NPFL103,Vyhledávání informací,Information Retrieval,letní,5,2/2,Z+Zk,vyučován,přednáška+seminář,Ústav formální a aplikované lingvistiky (32-UFAL),"doc. RNDr. Pavel Pecina, Ph.D.","doc. RNDr. Pavel Pecina, Ph.D.",NPFX103
NAIL086,Evoluční algoritmy 2,Evolutionary Algorithms 2,letní,5,2/2,Z+Zk,vyučován,přednáška+cvičení,Katedra teoretické informatiky a matematické logiky (32-KTIML),"Mgr. Roman Neruda, CSc.","Mgr. Roman Neruda, CSc. doc. Mgr. Martin Pilát, Ph.D.",NAIX086
NPRG071,Firemní projekt,Company Project,oba,6,0/4,Z,vyučován,seminář,Katedra softwarového inženýrství (32-KSI),"RNDr. Filip Zavoral, Ph.D. doc. RNDr. Petr Hnětynka, Ph.D.","doc. RNDr. Tomáš Dvořák, CSc. doc. RNDr. Petr Hnětynka, Ph.D. RNDr. Tomáš Holan, Ph.D. doc. RNDr. Markéta Lopatková, Ph.D. RNDr. Jiří Mírovský, Ph.D. RNDr. Filip Zavoral, Ph.D.","NPRG023 , NPRG069 , NPRG070"
NPRG070,Výzkumný projekt,Research Project,oba,9,0/6,Z,vyučován,seminář,Katedra softwarového inženýrství (32-KSI),"RNDr. Filip Zavoral, Ph.D. doc. RNDr. Petr Hnětynka, Ph.D.","doc. RNDr. Tomáš Dvořák, CSc. doc. RNDr. Petr Hnětynka, Ph.D. RNDr. Tomáš Holan, Ph.D. doc. RNDr. Markéta Lopatková, Ph.D. RNDr. Jiří Mírovský, Ph.D. RNDr. Filip Zavoral, Ph.D.","NPRG023 , NPRG069 , NPRG071"
NMSA331,Matematická statistika 1,Mathematical Statistics 1,zimní,8,4/2,Z+Zk,vyučován,přednáška+cvičení,Katedra pravděpodobnosti a matematické statistiky (32-KPMS),"prof. RNDr. Arnošt Komárek, Ph.D.","prof. RNDr. Arnošt Komárek, Ph.D. doc. Ing. Marek Omelka, Ph.D. Mgr. Hedvika Ranošová",
NPGR035,Strojové učení v počítačovém vidění,Machine Learning in Computer Vision,zimní,5,2/2,Z+Zk,vyučován,přednáška+cvičení,Katedra softwaru a výuky informatiky (32-KSVI),"doc. RNDr. Elena Šikudová, Ph.D.","Kassem Anis Bouali, M.Sc. Mgr. Matúš Goliaš doc. RNDr. Elena Šikudová, Ph.D.",NPFL129
NPGR002,Digitální zpracování obrazu,Digital Image Processing,zimní,4,3/0,Zk,vyučován,přednáška,Katedra softwaru a výuky informatiky (32-KSVI),"prof. Ing. Jan Flusser, DrSc.","prof. Ing. Jan Flusser, DrSc.",
NAIL065,Evoluční robotika,Evolutionary Robotics,letní,4,2/1,Z+Zk,vyučován,přednáška+cvičení,Katedra softwaru a výuky informatiky (32-KSVI),"RNDr. František Mráz, CSc.","RNDr. František Mráz, CSc.",
NMAI061,Metody matematické statistiky,Methods of Mathematical Statistics,letní,5,2/1,Z+Zk,vyučován,přednáška+cvičení,Katedra softwarového inženýrství (32-KSI),"doc. RNDr. Zdeněk Hlávka, Ph.D. prof. RNDr. Jaromír Antoch, CSc.","prof. RNDr. Jaromír Antoch, CSc.",
NAIL109,Aplikace metod výpočetní inteligence,Applications of Computational Intelligence Methods,zimní,5,0/4,Z,vyučován,praktická cvičení,Katedra teoretické informatiky a matematické logiky (32-KTIML),"Mgr. Roman Neruda, CSc. doc. Mgr. Martin Pilát, Ph.D.","Mgr. Roman Neruda, CSc. doc. Mgr. Martin Pilát, Ph.D.",
NPFL123,Dialogové systémy,Dialogue Systems,letní,5,2/2,Z+Zk,vyučován,přednáška+cvičení,Ústav formální a aplikované lingvistiky (32-UFAL),"Mgr. et Mgr. Ondřej Dušek, Ph.D.","Mgr. et Mgr. Ondřej Dušek, Ph.D.",
NDBI031,Statistické metody v systémech pro dobývání znalostí z dat,Statistical Methods in Data Mining Systems,zimní,2,1/1,Z+Zk,vyučován,přednáška+seminář,Katedra teoretické informatiky a matematické logiky (32-KTIML),"prof. RNDr. Ing. Martin Holeňa, CSc.","prof. RNDr. Ing. Martin Holeňa, CSc.",
NPFL097,Neřízené strojové učení v NLP,Unsupervised Machine Learning in NLP,zimní,3,1/1,Z,vyučován,přednáška+cvičení,Ústav formální a aplikované lingvistiky (32-UFAL),"RNDr. David Mareček, Ph.D.","RNDr. David Mareček, Ph.D.",
NPFL099,Statistické dialogové systémy,Statistical Dialogue Systems,zimní,4,2/1,Z+Zk,vyučován,přednáška+seminář,Ústav formální a aplikované lingvistiky (32-UFAL),"Mgr. et Mgr. Ondřej Dušek, Ph.D.","Mgr. et Mgr. Ondřej Dušek, Ph.D.",NPFX099
NAIL106,Multiagentní systémy,Multiagent Systems,letní,5,2/2,Z+Zk,vyučován,přednáška+cvičení,Katedra teoretické informatiky a matematické logiky (32-KTIML),"Mgr. Roman Neruda, CSc.","Mgr. Roman Neruda, CSc. doc. Mgr. Martin Pilát, Ph.D.",
NPGR036,Počítačové vidění,Computer Vision,letní,5,2/2,Z+Zk,vyučován,přednáška+cvičení,Katedra softwaru a výuky informatiky (32-KSVI),"doc. RNDr. Elena Šikudová, Ph.D.","Kassem Anis Bouali, M.Sc. Mgr. Matúš Goliaš doc. RNDr. Elena Šikudová, Ph.D.",
NDBI048,Data Science,Data Science,zimní,5,2/2,Z+Zk,vyučován,přednáška+cvičení,Katedra softwarového inženýrství (32-KSI),"doc. RNDr. Irena Holubová, Ph.D.","doc. RNDr. Irena Holubová, Ph.D.",NUPA029
NAIL004,Seminář z umělé inteligence 1,Seminar on Artificial Intelligence 1,zimní,2,0/2,Z,vyučován,seminář,Katedra teoretické informatiky a matematické logiky (32-KTIML),"prof. RNDr. Roman Barták, Ph.D.","prof. RNDr. Roman Barták, Ph.D.",
NAIL052,Seminář z umělé inteligence 2,Seminar on Artificial Intelligence 2,letní,2,0/2,Z,vyučován,seminář,Katedra teoretické informatiky a matematické logiky (32-KTIML),"prof. RNDr. Roman Barták, Ph.D.","prof. RNDr. Roman Barták, Ph.D. RNDr. Jiří Švancara, Ph.D.",
NPFL104,Metody strojového učení,Machine Learning Methods,letní,4,1/2,Z+Zk,nevyučován,přednáška+seminář,Ústav formální a aplikované lingvistiky (32-UFAL),"prof. Ing. Zdeněk Žabokrtský, Ph.D. prof. RNDr. Ondřej Bojar, Ph.D.",,
NPFL117,Seminář z hlubokého učení,Deep learning seminar,oba,3,0/2,Z,nevyučován,cvičení,Ústav formální a aplikované lingvistiky (32-UFAL),"RNDr. Milan Straka, Ph.D. Výsledky anket &nbsp;&nbsp;&nbsp; Rozvrh &nbsp;&nbsp;&nbsp; Nástěnka &nbsp;&nbsp;&nbsp; Anotace - --- čeština angličtina V několika posledních letech byly hluboké neuronové sítě použity při řešení komplexních úloh strojového učení a dosáhly nejlepších známých výsledků v mnoha oblastech. Celá oblast hlubokého učení se rapidně rozvíjí a bez přestání se objevují nové metody",,
NPFL118,Zpracování přirozeného jazyka na výpočetním clusteru,Natural language processing on computational cluster,zimní,3,0/2,Z,vyučován,cvičení,Ústav formální a aplikované lingvistiky (32-UFAL),"RNDr. Milan Straka, Ph.D. Mgr. Martin Popel, Ph.D. Mgr. Rudolf Rosa, Ph.D.","Mgr. Martin Popel, Ph.D. Mgr. Rudolf Rosa, Ph.D. RNDr. Milan Straka, Ph.D.",
NAIL087,Úvod do výpočetní neurovědy I,Introduction To Computational Neuroscience I,zimní,6,3/1,Z+Zk,vyučován,přednáška+cvičení,Katedra softwaru a výuky informatiky (32-KSVI),"Mgr. Ján Antolík, Ph.D.","Mgr. Ján Antolík, Ph.D. Karolína Korvasová, M.Sc., Dr. rer. nat.",
NAIL100,Seminář strojového učení a modelování 2,Seminar of machine learning and modelling 2,letní,2,0/1,Z,vyučován,seminář,Katedra teoretické informatiky a matematické logiky (32-KTIML),"prof. RNDr. Ing. Martin Holeňa, CSc.","prof. RNDr. Ing. Martin Holeňa, CSc.",
NMAI165,Praktikum z pravděpodobnostních metod,Practical Course in Probability Methods,zimní,3,0/2,Z,vyučován,cvičení,Katedra softwarového inženýrství (32-KSI),"prof. RNDr. Jaromír Antoch, CSc.","prof. RNDr. Jaromír Antoch, CSc.",
NDMI096,Analýza komplexních sítí,Complex network analysis,letní,6,2/2,Z+Zk,vyučován,přednáška+cvičení,Informatický ústav Univerzity Karlovy (32-IUUK),"doc. Ing. et Ing. David Hartman, Ph.D. et Ph.D.","doc. Ing. et Ing. David Hartman, Ph.D. et Ph.D. Mgr. Dávid Kubek",
NOPT046,Diskrétní a spojitá optimalizace,Discrete and Continuous Optimization,letní,5,2/2,Z+Zk,vyučován,přednáška+cvičení,Katedra aplikované matematiky (32-KAM),"prof. Mgr. Milan Hladík, Ph.D. prof. RNDr. Martin Loebl, CSc.","prof. Mgr. Milan Hladík, Ph.D. prof. RNDr. Martin Loebl, CSc.",NOPX046
NTIN114,Proudové algoritmy pro velká data,Streaming algorithms for Big Data,zimní,3,2/0,Zk,vyučován,přednáška,Informatický ústav Univerzity Karlovy (32-IUUK),"Mgr. Pavel Veselý, Ph.D.","Mgr. Pavel Veselý, Ph.D.",
NAIL021,Booleovské funkce a jejich aplikace,Boolean Functions and Their Applications,zimní,3,2/0,Zk,vyučován,přednáška,Katedra teoretické informatiky a matematické logiky (32-KTIML),"prof. RNDr. Ondřej Čepek, Ph.D.","prof. RNDr. Ondřej Čepek, Ph.D.",
NOPT021,Algoritmy moderní teorie her,Modern Algoritmic Game Theory,zimní,5,2/2,Z+Zk,vyučován,přednáška+cvičení,Katedra aplikované matematiky (32-KAM),"prof. RNDr. Martin Loebl, CSc.","Mgr. Radovan Haluška Mgr. Martin Schmid, Ph.D.",
NDBI021,Uživatelské preference a pokročilé metody doporučování,User preferences and advanced recommending methods,zimní,4,2/1,Z+Zk,vyučován,přednáška+seminář,Katedra softwarového inženýrství (32-KSI),"doc. Mgr. Ladislav Peška, Ph.D.","doc. Mgr. Ladislav Peška, Ph.D.",
NSWI166,Úvod do doporučovacích systémů a uživatelských preferencí,Introduction to recommender systems and user preferences,letní,4,2/1,Z+Zk,vyučován,přednáška+cvičení,Katedra softwarového inženýrství (32-KSI),"doc. Mgr. Ladislav Peška, Ph.D.","doc. Mgr. Ladislav Peška, Ph.D.",NDBI037
NSWI035,Principy distribuovaných systémů,Principles of Distributed Systems,zimní,3,2/0,Zk,vyučován,přednáška,Katedra softwarového inženýrství (32-KSI),"RNDr. Filip Zavoral, Ph.D.","Mgr. Tomáš Faltín, Ph.D. RNDr. Filip Zavoral, Ph.D.",
NPRG072,Zvýšený rozsah projektu,Increased project scope,oba,3,0/2,Z,vyučován,seminář,Katedra softwarového inženýrství (32-KSI),"RNDr. Filip Zavoral, Ph.D. doc. RNDr. Petr Hnětynka, Ph.D.","doc. RNDr. Tomáš Dvořák, CSc. RNDr. Tomáš Holan, Ph.D.",NPRG023
