kod,temata,zapocet,zkouska,pozor,delka_puvodni
NAIL013,"Adaptivní a učící se systémy: adaptace a učení, formální popis předmětů, výběr a uspořádání příznaků a učebních vzorů|Metody minimalizace kritéria ztrát: Bayesovo rozhodovací pravidlo, pravidlo nejbližšího souseda, shluková analýza|Použití klasických učících se klasifikátorů při rozpoznávání obrazu, řeči a v řízení|Rekapitulace paradigmat neuronových sítí: vrstevnaté sítě typu zpětného šíření, Hopfieldovy sítě, Kohonenovy mapy, hluboké sítě|Aplikace neuronových sítí: rozpoznávání mluvené řeči, modelování finančních systémů, multimediální data, robotika, predikce časových řad|Použití genetických algoritmů v oblasti neuronových sítí, formulace a vyhodnocování cílové funkce sítěmi zpětného šíření|Optimalizace architektury neuronových sítí pomocí genetických algoritmů",V doprovodném Moodle kurzu je zveřejněn jeden projektový úkol včetně harmonogramu a hodnocení|Každá fáze řešení úkolu má stanovené datum odevzdání,"Vyřešený úkol přispívá k výslednému hodnocení 55 procenty|Zkouška na konci semestru se započítává 45 procenty|Známka podle celkového hodnocení: 1 za 100 až 86 procent, 2 za 85 až 71 procent, 3 za 70 až 56 procent, méně než 56 procent nevyhověl",Pozdní odevzdání každého dílčího řešení snižuje celkové hodnocení o 1 procento za každý započatý týden zpoždění,571
NAIL015,Metody a techniky implementace základních modelů neuronových sítí|Kohonenovy mapy|Hopfieldova síť|Neurální formulace úloh a transformace zadání|Hodnocení nalezených řešení a úpravy sítě vedoucí k jeho zlepšení|Cvičení zaměřené na praktické realizace vybraných aplikací,"Úspěšná prezentace fungujících programů pro úlohy probírané v předmětu|Programy musí být vlastním dílem studenta, případné použití frameworků podléhá schválení vyučujícím|Dostatečná účast na semináři, kde probíhá rozbor úloh a průběžná diskuze",,Použití frameworků podléhá schválení vyučujícím,356
NAIL029,"Lineární regrese a učení založené na instancích jako extrémy v prostoru možných modelů|Expanze bazických funkcí a regularizace, například vyhlazené splajny|Logistická regrese a zobecněné lineární modely|Ohodnocování modelů: odhad chyby a interval spolehlivosti, krosvalidace, one-leave-out|Rozhodovací stromy, prořezávání, chybějící hodnoty; kombinace modelů (AdaBoost, random forest)|Bayesovské učení a EM algoritmus|Učení bez učitele: nákupní košík (algoritmus Apriori), klastrování k-means, k-medoids, hierarchické|Induktivní logické programování; neorientované grafické modely, gaussovské procesy a bayesovská optimalizace",,Ústní zkouška z témat obsažených v sylabu v rozsahu předneseném na přednášce,Část zkoušek může proběhnout distanční formou podle vývoje aktuální situace,240
NAIL060,"Metody a techniky implementace základních modelů neuronových sítí|Backpropagation|Zvyšování efektivity modelů, příbuzné a odvozené modely|Volba modelu, topologie a velikosti sítě|Adaptivní strategie optimalizace sítí|Cvičení zaměřené na praktické realizace vybraných aplikací","Úspěšná prezentace fungujících programů pro úlohy probírané v předmětu|Programy musí být vlastním dílem studenta, případné použití frameworků podléhá schválení vyučujícím|Dostatečná účast na semináři, kde probíhá rozbor úloh a průběžná diskuze",,Použití frameworků podléhá schválení vyučujícím,356
NAIL070,"Práce s neurčitostí: pravděpodobnostní metody, Bayesovské sítě, Markovské modely|Racionální rozhodování: teorie užitku, Markovské rozhodovací procesy|Rozhodování v prostředí s více agenty, inverzní teorie her|Strojové učení s učitelem: rozhodovací stromy, regrese, SVM, boosting|Prohledávání prostoru hypotéz|Učení pravděpodobnostních modelů a EM algoritmus|Zpětnovazební učení",,Předmět je zakončen ústní zkouškou,Zkouška může být ve výjimečných případech distanční,86
NAIL086,"Evoluční programování, alternativní reprezentace problému, evoluce konečných automatů, meta-evoluce|Evoluční strategie: kooperace individuí, (1+1) ES, (m+1) ES, rychlost konvergence|Genetické programování a evoluce počítačových programů, vnitřní stromová reprezentace, genetické operátory|Otevřená evoluce, adaptivní chování, animati, artificial life, emergence a simulace stádního chování (Tierra, Avida, Framsticks)|Evoluční algoritmy a numerická optimalizace: binární vs. float reprezentace, multiúčelová optimalizace, podmínky a omezení|Evoluční algoritmy a kombinatorické problémy: NP-úplné úlohy, problém obchodního cestujícího, problém batohu|Genetické učení neuronových sítí: evoluce topologií, evoluční učení vah, hybridní přístupy, funkční ekvivalence sítí",,Ústní zkouška,,13
NAIL105,"Tři internetové aplikace klasifikace: filtrace spamu, doporučovací systémy, systémy pro odhalení hrozeb v síti|Základní koncepty klasifikace: binární a vícetřídní klasifikace, falešná pozitivita a negativita, různá cena chyb|Charakteristiky kvality klasifikace: správnost, přesnost, citlivost, specificita, F-míra, ROC křivka a plocha pod ní|Lineární separabilita, jádrové funkce, učení klasifikátorů a přeučení, vztah klasifikace, regrese a shlukování|Hlavní typy klasifikačních metod: k-NN klasifikátory, bayesovské klasifikátory, Fisherova diskriminační analýza, umělé neuronové sítě|Generalizační schopnost a SVM klasifikátory, jádrové funkce, tolerance vůči šumu, aktivní učení|Srozumitelná klasifikace: klasifikační pravidla, evoluční hledání pravidel (michiganský a pittsburgský přístup), observační kalkul, klasifikační stromy|Týmy klasifikátorů: bagging, boosting, hierarchické týmy, náhodné lesy",Účast na cvičeních|Vypracování semestrální práce,Zkouška navazující na udělený zápočet,Získaný zápočet je podmínkou účasti na zkoušce,129
NAIL107,"Předzpracování dat|Jak porovnávat algoritmy učení|Učení s učitelem: rozhodovací stromy, bayesovské klasifikátory, logistická regrese, diskriminační analýza, nejbližší sousedé, SVM, neuronové sítě, boosting|Aplikace klasifikace v genomice, proteomice a systémové biologii|Učení bez učitele: shluková analýza, klastrování dělením, k-means, hierarchické klastrování, validace klastrování a aplikace v bioinformatice|Pravděpodobnostní grafické modely: bayesovské sítě, gaussovské sítě a jejich aplikace|Optimalizace a její aplikace v bioinformatice|Cvičení: aplikace metod na umělá i reálná biologická data v Pythonu s knihovnami pro strojové učení","Za semestr jsou zadány 2 úkoly, každý hodnocený 0 až 10 body, typickým řešením je Jupyter notebook|Pro zápočet je nutné vypracovat řešení všech úkolů a za každý získat alespoň 1 bod|Za semestr jsou zadány 2 on-line testy, za každý lze získat maximálně 5 bodů, po stanoveném datu už test nelze řešit, mezi podmínkami zápočtu ale on-line testy uvedeny nejsou|Vypracovat a přednést řešení projektu na jednom z posledních cvičení nebo v termínu prezentací ve zkouškovém období, témata se dohodnou přibližně v půlce semestru|Prezentace a odevzdané řešení projektu jsou ohodnoceny dohromady 0 až 15 body|Na cvičeních lze získat dodatečné body: 1 bod za předvedení řešení úkolu zadaného na cvičení, případně dolní celá část poloviny bodů za předvedení řešení odevzdaného v Moodlu po termínu","Body získané za semestr tvoří 40 procent výsledného bodového hodnocení|Zkouška na konci semestru se započítává 60 procenty|Známka podle celkového hodnocení: 1 za 100 až 86 procent, 2 za 85 až 71 procent, 3 za 70 až 56 procent, méně než 56 procent nevyhověl","Za pozdní odevzdání úkolu se strhává 1 bod za každý započatý týden po termínu|Pokud N je alespoň 2 posluchačů odevzdá nápadně podobná nebo totožná řešení, počítají se jako jedno řešení za B bodů a každý získá jen dolní celou část z B lomeno N|Žádné náhradní termíny pro získání zápočtu nebudou vypsány, zápočet vyžaduje průběžnou práci přes celý semestr",2360
NAIL138,"Připomenutí pojmů: umělé neuronové sítě a jejich architektura, obecné modely strojového učení, trénování a výběr modelu, výběr příznaků, míry kvality, interpretovatelnost, náhodné proměnné a procesy, bayesovský přístup|Neuronové sítě založené na náhodnosti: ELM sítě a jejich učení, náhodná projekce, znáhodněné konvoluční sítě|ESN sítě (echo state network), vývoj aktivity, sítě s nepovolenými spoji|Bayesovské neuronové sítě: apriorní rozdělení, predikce a odhady, stochastická a omezená stochasticita, hierarchická BNN|Stochastické metody pro neuronové sítě: bernoulliovský a gaussovský dropout, dropout a regularizace, týmy sítí, stochastický gradient a metoda SGD|Stochastické metody pro strojové učení: MCMC, Metropolis-Hastings, variační inference, kombinace VI s MCMC, generativní modely a hluboké Kalmanovy filtry|Obecný stochastický přístup: prostory náhodných vektorů, učení podle střední hodnoty a náhodného výběru, silný zákon velkých čísel a centrální limitní věta pro učení sítí, klestění sítě|Strojové učení jako podpora stochastické optimalizace: CMA-ES, náhradní modelování pro black-box optimalizaci (neuronové sítě, gaussovské procesy, náhodné lesy, ordinální regrese)",,,,0
NDBI023,"Úvod do dobývání znalostí: motivace, přehled základních úloh, metodiky řešení|Základní principy strojového učení: učení s učitelem, samoorganizace, semi-supervised learning, trénovací, testovací a validační množina, generalizace a přeučení, Occamova břitva|Pořizování, příprava a předzpracování dat: vzorkování, diskretizace numerických atributů, nenumerické proměnné, chybějící a prázdné hodnoty|Transformace, redukce a čištění dat: vztahy mezi veličinami, testování hypotéz, korelační, regresní, diskriminační a shluková analýza, redukce dimenzionality|Vyhodnocování výsledků: křížová validace, celková správnost, matice záměn, křivka učení, křivka navýšení, ROC křivka, bagging a boosting|Asociační pravidla: analýza nákupního košíku, algoritmus apriori, FP-Growth a TD-FP-Growth, omezené dobývání|Klastrová analýza: k-means, volba metriky, klastrová validita, FCM algoritmus, neuronový přístup, hierarchické klastrování, CLARANS, BIRCH, CURE, odlehlé vzory|Klasifikace a predikce: rozhodovací stromy (ID3, C4.5, CART, CHAID), bayesovské modely, neuronové sítě perceptronového typu, SVM, ELM sítě, genetické algoritmy","Domácí úkol odevzdaný jako Jupyter notebook do stanoveného data, hodnocený 0 až 10 body|On-line kvízy zveřejňované během semestru, dohromady maximálně 25 bodů, po stanoveném datu už kvíz nelze řešit|Vypracovat a přednést řešení projektu na jednom z posledních cvičení nebo v termínu prezentací ve zkouškovém období, témata se dohodnou přibližně v půlce semestru|Prezentace a odevzdaná řešení projektu jsou ohodnoceny dohromady 0 až 15 body|Na cvičeních lze získat dodatečné body, například 1 bod za předvedení řešení úlohy zadané na cvičení|Bez dodatečných bodů lze za celý semestr získat až 50 bodů","Body získané z cvičení se započítávají s vahou 40 procent|On-line test konaný v rámci cvičení přispívá 15 procenty|Zkouška na konci semestru se započítává 45 procenty|Známka podle celkového hodnocení: 1 za 100 až 86 procent, 2 za 85 až 71 procent, 3 za 70 až 56 procent, méně než 56 procent nevyhověl","Za pozdní odevzdání úkolu se strhává 1 bod za každý započatý týden po termínu|I když student získá z cvičení po započítání dodatečných bodů více než 50 bodů, započítá se to jen jako 40 procent hodnocení|Žádné náhradní termíny pro získání zápočtu nebudou vypsány, zápočet vyžaduje průběžnou práci přes celý semestr",2653
NPFL103,"Úvod, základní pojmy a principy vyhledávání informací|Boolský model, indexování, vektorový model|Evaluace ve vyhledávání informací|Rozšiřování dotazů|Pravděpodobnostní modely a jazykové modely|Klasifikace textu a shlukování dokumentů|Hledání na webu a hledání blízkých duplicit",Zápočet bude udělen po splnění dvou domácích úkolů,K absolvování předmětu je zapotřebí zápočet i zkouška|Výsledná známka závisí na výsledcích zkoušky a na řešení domácích úkolů,,182
NPFL138,"Dopředné hluboké neuronové sítě: základní architektury, aktivační funkce, optimalizační algoritmy pro trénování|Regularizace hlubokých modelů: penalizace normou parametrů, dropout, label smoothing, batch normalization, víceúlohové učení|Konvoluční neuronové sítě: konvoluční a slučující vrstvy, architektury pro velmi hluboké sítě, rozpoznávání obrazu, detekce objektů a segmentace|Předtrénování a finetuning hlubokých neuronových sítí|Rekurentní neuronové sítě: problémy trénování, LSTM, gated recurrent units, obousměrné a hluboké sítě, enkodér-dekodér architektury|Praktická metodika: výběr vhodné architektury a volba hyperparametrů|Zpracování přirozeného jazyka: distribuovaná reprezentace slov, reprezentace slov jako sekvence znaků, transformer, značkování, rozpoznávání entit, strojový překlad|Hluboké generativní modely (variační autoenkodéry, GAN, difúzní modely), strukturovaná predikce a CTC loss, úvod do hlubokého zpětnovazebního učení","Zápočet je udělován za vypracování dostatečného množství úloh|Úlohy jsou zadávány pravidelně celý semestr, na vypracování každé z nich je několik týdnů",,Vzhledem ke způsobu obdržení zápočtu není možné jeho získání opakovat|Získání zápočtu není podmínkou k připuštění ke zkoušce|SIS uvádí jen obecnou podmínku; konkrétní bodování a termíny úloh zveřejňuje ÚFAL na stránce kurzu,281
NPFL139,"Základní rámec zpětnovazebního učení|Tabulkové metody: dynamické programování, Monte Carlo metody, temporal-difference metody, n-krokový bootstrapping|Funkcionální aproximace, hluboké Q sítě, Rainbow architektura, distribuované zpětnovazební učení|Policy gradient metody: REINFORCE, REINFORCE with baseline, actor-critic, Proximal Policy Optimization|Doména spojitých akcí: DDPG, Twin Delayed DDPG, Soft Actor Critic|Prohledávání Monte Carlo tree search a architektura AlphaZero|Algoritmy využívající modely: MCTS s natrénovaným modelem, world modely, optimalizace latentních diskrétních proměnných|Úvod do multiagentního zpětnovazebního učení","Zápočet je udělován za vypracování dostatečného množství úloh|Úlohy jsou zadávány pravidelně celý semestr, na vypracování každé z nich je několik týdnů",,Vzhledem ke způsobu obdržení zápočtu není možné jeho získání opakovat|Získání zápočtu není podmínkou k připuštění ke zkoušce|SIS uvádí jen obecnou podmínku; konkrétní bodování a termíny úloh zveřejňuje ÚFAL na stránce kurzu,281
NPFL140,"Základy neuronových sítí pro modelování jazyka|Typologie jazykových modelů|Získávání a správa dat, navazující úlohy|Trénování: samoučení, zpětnovazební učení s využitím lidských anotací|Dolaďování a odvozování, vícejazyčnost a mezijazykový přenos|Aplikace velkých jazykových modelů, například konverzační systémy, robotika, generování kódu|Multimodalita: CLIP, difuzní modely|Společenské dopady a interpretabilita",Práce na projektu|Aktivní účast,Závěrečný test,,48
NPRG071,Praktická práce studenta ve firemním týmu na větším softwarovém díle|Týmová práce na větším softwarovém projektu formou stáže ve firemním prostředí|Stáž musí být předem uznána projektovou komisí a prokazatelně zaměřená na vývoj softwarového díla|Předmět se vypisuje pro jednotlivce,Vypracovat zprávu dokumentující podíl studenta na realizaci firemního projektu|Účast na projektu je zakončena veřejnou obhajobou,,Předmět není vhodný pro studenty na výměnných projektech Erasmus ani na krátkodobých stážích,245
NSZZ023,"Předmět je pro studenty všech studijních programů navazujícího magisterského studia|Náplň předmětu určuje vedoucí diplomové práce|Výuka se typicky odehrává formou konzultací mezi vedoucím a studentem|Kredity uděluje vedoucí práce, který si sám stanoví kritéria pro jejich udělení",O podmínkách udělení zápočtu rozhoduje vedoucí diplomové práce,,,63
NSZZ024,"Předmět je pro studenty všech studijních programů navazujícího magisterského studia|Náplň předmětu určuje vedoucí diplomové práce|Výuka se typicky odehrává formou konzultací mezi vedoucím a studentem|Kredity uděluje vedoucí práce, který si sám stanoví kritéria pro jejich udělení",O podmínkách udělení zápočtu rozhoduje vedoucí diplomové práce,,,63
NSZZ025,"Předmět je pro studenty všech studijních programů navazujícího magisterského studia|Náplň předmětu určuje vedoucí diplomové práce|Výuka se typicky odehrává formou konzultací mezi vedoucím a studentem|Kredity uděluje vedoucí práce, který si sám stanoví kritéria pro jejich udělení",O podmínkách udělení zápočtu rozhoduje vedoucí diplomové práce,,,63
NPFL123,"Druhy dialogových systémů, jejich komponenty a reprezentace znalostí, chatboty a AIML|Lingvistické základy: turn-taking, řečové akty, implikatury, grounding, koreference|Data a evaluace: Wizard-of-Oz, otevřená doména, úspěšnost dialogu, problémy evaluace chatbotů|Porozumění jazyku: klasifikace vět, rozpoznání jmenných entit|Sledování stavu dialogu jako MDP nebo POMDP|Řízení dialogu, využití zpětnovazebního učení|Generování jazyka: šablony, pravidla, statistické generování|Question answering a hlasoví asistenti, báze a grafy znalostí|Dialogové toolkity: intents, slots, entities, Alexa Skills, DialogFlow, Watson Assistant|Rozpoznávání a syntéza řeči: zpracování signálu, fonetika, metody syntézy|Chatboty pro otevřenou doménu: pravidlové, vyhledávací, generativní, hybridní (Alexa Prize)|Předmět je součástí meziuniverzitního programu prg.ai Minor",Plnění zápočtových úkolů na cvičení (implementační úlohy z dialogových systémů),Písemný test založený na odpřednesené látce,,151
NMAI061,"Od dat k modelu a zpět, grafická reprezentace dat a popisná statistika|Náhodná veličina a náhodné vektory, jejich charakteristiky|Vybraná diskrétní a spojitá rozdělení, normální rozdělení a rozdělení z něj odvozená|Limitní zákony teorie pravděpodobnosti a jejich využití ve statistice|Principy teorie odhadu, bodové a intervalové odhady|Principy testování hypotéz, U-test, t-test, F-test a jejich pořadové varianty|Testy dobré shody, jedno-, dvou- a vícevýběrový problém|Regresní analýza, kontingenční tabulky|Bayesovský přístup k analýze dat|Předpokládá znalosti v rozsahu bakalářského NMAI059",Účast na cvičení|Úspěšné vyřešení písemného zápočtového úkolu,,SIS uvádí u zápočtu účast na cvičení; podmínky zkoušky neuvádí,94
NPGR036,"Snímání obrazu, vlastnosti digitálního obrazu|Barva, modely barev, kvantování barev|Matematická morfologie|Segmentace obrazu: K-means, mean-shift, watershed|Detekce, popis a párování lokálních příznaků a jejich aplikace|Detekce a sledování objektů (např. tváří), optický tok|Významné oblasti v obraze, sledování pohybu očí",,,"SIS podmínky zakončení neuvádí, jen odkaz na stránku vyučující (cgg.mff.cuni.cz/~sikudova)",42
NAIL106,"Inteligentní agenti, prostředí, abstraktní architektury|Reaktivní a plánovací agenti, hybridní architektury|Agenti založení na logice a zdůvodňování, BDI|Komunikace, řečové akty, ACL|Ontologie, OWL, KIF|Distribuované řešení problémů, kooperace|Multiagentní interakce, Nashova ekvilibria, Paretova efektivita|Alokace zdrojů, aukce, smlouvání|Metodologie návrhu multiagentních systémů, Gaia, role|Jazyky a prostředí multiagentních systémů, JADE",,Ústní zkouška,"Předmět je v SIS na Z+Zk, ale podmínky uvádějí jen „Ústní zkouška“ — co se chce na zápočet, SIS neříká",13
NDBI031,"Dobývání znalostí z dat a jeho souvislost se statistikou|Hlavní typy systémů pro dobývání znalostí z dat|Statistické metody v Clementine jako obecném systému|Statistické metody v DecisionSite, systému pro on-line podporu rozhodování|Matlab jako univerzálnější systém: popisné statistiky, lineární regrese a její zobecnění|Mnohorozměrná statistická analýza a testování hypotéz v Matlabu|4FT-Miner: akademický systém kombinující observační logiku a čtyřpolní tabulky|Kvantifikátory observační logiky založené na odhadech parametrů a na testování hypotéz|V letním semestru volně navazuje NAIL105 Internet a klasifikační metody",Předvedení výsledků úkolů ze cvičení,,"Předmět je v SIS na Z+Zk, ale podmínky popisují jen zápočet; ke zkoušce SIS nic neuvádí",37
NAIL052,"Referativní seminář o aktuálních teoretických i praktických otázkách výzkumu UI|Referáty vycházejí z publikovaných článků|Reprezentace znalostí, znalostní inženýrství|Splňování podmínek, logické odvozování|Řešení úloh, hry, plánování|Strojové učení, agentové systémy|Aplikace UI",Vlastní prezentace|Aktivní účast na minimálně 80 % seminářů|Prezentaci a osobní účast lze nahradit písemnou zprávou jen ve zvláštních případech a po schválení vyučujícím,,Zápočet se nedá opakovat|Povinná aktivní účast na 80 % seminářů,227
NAIL100,"Seminář se schází jednou za dva týdny v rozsahu 2 vyučovacích hodin|Vystoupení diplomantů a doktorandů z MFF, FJFI a FEL, zvané přednášky vědeckých pracovníků|Vítány jsou i referáty o zajímavé knize či článku ze strojového učení|Uvedená témata jsou příklady z minulých let, ne omezení|Učení pravidel z dat, asociační a klasifikační pravidla, fuzzy pravidla|Induktivní inference a induktivní logické programování, případové a transduktivní učení|Statistické učení, PAC učení, shlukování podle podobnosti i samoorganizací|Evoluční učení, genetické algoritmy a programování, diferenční evoluce, EDA|Neuronové sítě: perceptrony, RBF sítě, samoorganizující mapy, kombinace s evolučními algoritmy|SVM, hierarchické regresní modely, rozhodovací stromy, náhodné lesy|Ensemblové metody, fuzzy agregace klasifikátorů, spolehlivost predikce|Vizualizace dat a modelů, aplikace ve fyzice, chemii, biologii a hrách","Pasivní účast na všech seminářích (s výjimkou omluvené neúčasti), a to ve dvou různých semestrech",,Zápočet vyžaduje účast ve dvou různých semestrech; nemusí jít o semestry po sobě jdoucí,228
